title,movie_url,poster_url,rating,genre
21 & Over (2013),https://letterboxd.com/film/21-over/,https://a.ltrbxd.com/resized/sm/upload/qz/6o/16/iv/wNN7MnoQn1nB1Kt8ybehJ1HCxJe-0-1000-0-1500-crop.jpg?v=276766cdd6,2.61,comedy
The Twilight Saga: Breaking Dawn – Part 1 (2011),https://letterboxd.com/film/the-twilight-saga-breaking-dawn-part-1/,https://a.ltrbxd.com/resized/film-poster/1/5/0/7/7/15077-the-twilight-saga-breaking-dawn-part-1-0-1000-0-1500-crop.jpg?v=00df403dcd,2.64,adventure
Lord of War (2005),https://letterboxd.com/film/lord-of-war/,https://a.ltrbxd.com/resized/film-poster/5/0/7/6/9/50769-lord-of-war-0-1000-0-1500-crop.jpg?v=2c56adceb5,3.59,drama
The Super Mario Bros. Movie (2023),https://letterboxd.com/film/the-super-mario-bros-movie/,https://a.ltrbxd.com/resized/film-poster/4/3/2/3/0/2/432302-the-super-mario-bros-movie-0-1000-0-1500-crop.jpg?v=d7dd92386e,3.24,fantasy
The Black Phone (2021),https://letterboxd.com/film/the-black-phone/,https://a.ltrbxd.com/resized/film-poster/6/7/7/5/7/1/677571-the-black-phone-0-1000-0-1500-crop.jpg?v=45a499c08d,3.26,thriller
Fantastic Four (2015),https://letterboxd.com/film/fantastic-four/,https://a.ltrbxd.com/resized/film-poster/1/2/3/0/6/5/123065-fantastic-four-0-1000-0-1500-crop.jpg?v=1399b230e4,1.33,science-fiction
"Love Rosie (2014)",https://letterboxd.com/film/love-rosie/,https://a.ltrbxd.com/resized/sm/upload/pp/av/st/c7/fOSxpfWiNCDXgYLDdZ6hifrshrh-0-1000-0-1500-crop.jpg?v=0f9daba5f6,3.64,drama
It Follows (2014),https://letterboxd.com/film/it-follows/,https://a.ltrbxd.com/resized/sm/upload/zr/lv/9v/wy/4MrwJZr0R9LbyOgZqwLNmtzzxbu-0-1000-0-1500-crop.jpg?v=0f234ef9c3,3.45,horror
Ender's Game (2013),https://letterboxd.com/film/enders-game/,https://a.ltrbxd.com/resized/film-poster/6/6/5/6/3/66563-ender-s-game-0-1000-0-1500-crop.jpg?v=4212deeadb,2.79,action
Alvin and the Chipmunks: The Squeakquel (2009),https://letterboxd.com/film/alvin-and-the-chipmunks-the-squeakquel/,https://a.ltrbxd.com/resized/sm/upload/ep/i7/93/l3/42zXoHDC45ciX3mIM6xdwZWqw79-0-1000-0-1500-crop.jpg?v=7778a8ae27,2.34,fantasy
Extraction 2 (2023),https://letterboxd.com/film/extraction-2/,https://a.ltrbxd.com/resized/film-poster/6/2/1/5/7/1/621571-extraction-2-0-1000-0-1500-crop.jpg?v=6ad4c536ef,3.22,thriller
Magnolia (1999),https://letterboxd.com/film/magnolia/,https://a.ltrbxd.com/resized/film-poster/5/1/7/2/8/51728-magnolia-0-1000-0-1500-crop.jpg?v=178b5e5c17,4.22,drama
Vice (2018),https://letterboxd.com/film/vice-2018/,https://a.ltrbxd.com/resized/film-poster/3/6/2/3/6/5/362365-vice-0-1000-0-1500-crop.jpg?v=69d45c87f7,3.44,drama
Avengers: Infinity War (2018),https://letterboxd.com/film/avengers-infinity-war/,https://a.ltrbxd.com/resized/film-poster/2/2/6/6/6/1/226661-avengers-infinity-war-0-1000-0-1500-crop.jpg?v=8b35f60c0c,3.98,action
Divergent (2014),https://letterboxd.com/film/divergent/,https://a.ltrbxd.com/resized/film-poster/1/1/7/5/8/3/117583-divergent-0-1000-0-1500-crop.jpg?v=20d428124b,2.93,adventure
Iron Man 2 (2010),https://letterboxd.com/film/iron-man-2/,https://a.ltrbxd.com/resized/film-poster/4/6/5/1/1/46511-iron-man-2-0-1000-0-1500-crop.jpg?v=67e856ad63,2.92,adventure
DodgeBall: A True Underdog Story (2004),https://letterboxd.com/film/dodgeball-a-true-underdog-story/,https://a.ltrbxd.com/resized/sm/upload/6n/a5/c9/ob/sgTJCyuZSJJt9LatGHolpCpqg1m-0-1000-0-1500-crop.jpg?v=bc4fad3d76,3.22,comedy
Boogie Nights (1997),https://letterboxd.com/film/boogie-nights/,https://a.ltrbxd.com/resized/film-poster/4/9/0/0/7/49007-boogie-nights-0-1000-0-1500-crop.jpg?v=8b2c02e252,4.21,drama
Back to School (1986),https://letterboxd.com/film/back-to-school/,https://a.ltrbxd.com/resized/sm/upload/wh/m5/gd/ca/8k0qfMvpHPttsyt8MqZJR8IOaRN-0-1000-0-1500-crop.jpg?v=abe952752a,3.17,comedy
Woman of the Hour (2023),https://letterboxd.com/film/woman-of-the-hour/,https://a.ltrbxd.com/resized/film-poster/7/5/0/5/6/6/750566-woman-of-the-hour-0-1000-0-1500-crop.jpg?v=ea66716683,3.18,drama
Dog Day Afternoon (1975),https://letterboxd.com/film/dog-day-afternoon/,https://a.ltrbxd.com/resized/film-poster/5/1/1/9/5/51195-dog-day-afternoon-0-1000-0-1500-crop.jpg?v=dcce1e7cbb,4.31,crime
Swiped (2018),https://letterboxd.com/film/swiped-2018/,https://a.ltrbxd.com/resized/film-poster/4/6/4/6/6/3/464663-swiped-0-1000-0-1500-crop.jpg?v=2b2a002301,1.09,comedy
The Naked Gun: From the Files of Police Squad! (1988),https://letterboxd.com/film/the-naked-gun-from-the-files-of-police-squad/,https://a.ltrbxd.com/resized/film-poster/2/7/2/8/4/27284-the-naked-gun-0-1000-0-1500-crop.jpg?v=7f848fb394,3.77,crime
Star Wars (1977),https://letterboxd.com/film/star-wars/,https://a.ltrbxd.com/resized/film-poster/2/7/0/6/2706-star-wars-0-1000-0-1500-crop.jpg?v=f1f1271bf5,4.17,adventure
Triple Frontier (2019),https://letterboxd.com/film/triple-frontier/,https://a.ltrbxd.com/resized/film-poster/3/3/3/6/2/7/333627-triple-frontier-0-1000-0-1500-crop.jpg?v=928a58455f,2.99,action
Fantastic Four (2005),https://letterboxd.com/film/fantastic-four-2005/,https://a.ltrbxd.com/resized/film-poster/4/6/8/6/9/46869-fantastic-four-0-1000-0-1500-crop.jpg?v=5c17ff9e78,2.55,science-fiction
Finding Nemo (2003),https://letterboxd.com/film/finding-nemo/,https://a.ltrbxd.com/resized/film-poster/2/7/0/5/2705-finding-nemo-0-1000-0-1500-crop.jpg?v=b329bc5740,4.04,animation
Frat House (1998),https://letterboxd.com/film/frat-house/,https://a.ltrbxd.com/resized/film-poster/1/1/4/5/0/11450-frat-house-0-1000-0-1500-crop.jpg?v=9ab97a28c8,3.44,
Tremors (1990),https://letterboxd.com/film/tremors/,https://a.ltrbxd.com/resized/sm/upload/as/zy/qv/ft/aC2wOckYHkLi9usARIfqR51OFV9-0-1000-0-1500-crop.jpg?v=71c5d815d7,3.52,horror
A Fish Called Wanda (1988),https://letterboxd.com/film/a-fish-called-wanda/,https://a.ltrbxd.com/resized/sm/upload/2z/gn/ar/4j/hkSGFNVfEEUXFCxRZDITFHVhUlu-0-1000-0-1500-crop.jpg?v=3ae8775e60,3.75,crime
The Great Wall (2016),https://letterboxd.com/film/the-great-wall-2016/,https://a.ltrbxd.com/resized/film-poster/2/3/8/3/5/4/238354-the-great-wall-0-1000-0-1500-crop.jpg?v=c9ec7358bd,2.27,action
Behind the Curve (2018),https://letterboxd.com/film/behind-the-curve/,https://a.ltrbxd.com/resized/film-poster/4/5/0/3/4/3/450343-behind-the-curve-0-1000-0-1500-crop.jpg?v=5b47deed50,3.32,documentary
The Wolverine (2013),https://letterboxd.com/film/the-wolverine/,https://a.ltrbxd.com/resized/film-poster/6/2/6/3/8/62638-the-wolverine-0-1000-0-1500-crop.jpg?v=f232f1b127,2.99,science-fiction
Limitless (2011),https://letterboxd.com/film/limitless/,https://a.ltrbxd.com/resized/film-poster/1/3/9/7/2/13972-limitless-0-1000-0-1500-crop.jpg?v=7599c9da90,3.33,thriller
Borat: Cultural Learnings of America for Make Benefit Glorious Nation of Kazakhstan (2006),https://letterboxd.com/film/borat-cultural-learnings-of-america-for-make-benefit-glorious-nation-of-kazakhstan/,https://a.ltrbxd.com/resized/film-poster/5/1/6/1/4/51614-borat-cultural-learnings-of-america-for-make-benefit-glori-0-1000-0-1500-crop.jpg?v=17316654a2,3.73,comedy
Meet the Parents (2000),https://letterboxd.com/film/meet-the-parents/,https://a.ltrbxd.com/resized/film-poster/5/0/9/3/7/50937-meet-the-parents-0-1000-0-1500-crop.jpg?v=238ab9236a,3.31,comedy
Scream 2 (1997),https://letterboxd.com/film/scream-2/,https://a.ltrbxd.com/resized/sm/upload/ju/sr/4r/t3/c5AyWNWooMGkJXlqLwmPQCjUwHt-0-1000-0-1500-crop.jpg?v=b19f368866,3.26,horror
Marriage Story (2019),https://letterboxd.com/film/marriage-story-2019/,https://a.ltrbxd.com/resized/film-poster/4/2/2/6/8/2/422682-marriage-story-0-1000-0-1500-crop.jpg?v=a312d638d9,4,drama
American Made (2017),https://letterboxd.com/film/american-made/,https://a.ltrbxd.com/resized/film-poster/2/6/6/4/2/7/266427-american-made-0-1000-0-1500-crop.jpg?v=0fa9585d81,3.41,comedy
London Has Fallen (2016),https://letterboxd.com/film/london-has-fallen/,https://a.ltrbxd.com/resized/sm/upload/j7/ds/1s/pm/9j2AmDhZvdwMyYKpqe4CtBkN1Tw-0-1000-0-1500-crop.jpg?v=b297d9f8e8,2.56,thriller
Neighbors (2014),https://letterboxd.com/film/neighbors-2014/,https://a.ltrbxd.com/resized/film-poster/1/4/0/5/1/2/140512-neighbors-0-1000-0-1500-crop.jpg?v=9ddeec6ac0,2.89,comedy
The Green Hornet (2011),https://letterboxd.com/film/the-green-hornet/,https://a.ltrbxd.com/resized/sm/upload/ke/zp/z2/yx/v0EjItmaELjuMN6pbxkDIyP6fTe-0-1000-0-1500-crop.jpg?v=26c3797f5b,2.43,comedy
The Last Airbender (2010),https://letterboxd.com/film/the-last-airbender/,https://a.ltrbxd.com/resized/film-poster/4/6/4/5/5/46455-the-last-airbender-0-1000-0-1500-crop.jpg?v=fbb4ff717f,1.1,adventure
Terminator Salvation (2009),https://letterboxd.com/film/terminator-salvation/,https://a.ltrbxd.com/resized/film-poster/5/1/5/8/3/51583-terminator-salvation-0-1000-0-1500-crop.jpg?v=1bd4a4306d,2.58,thriller
The Wonderful Story of Henry Sugar (2023),https://letterboxd.com/film/the-wonderful-story-of-henry-sugar/,https://a.ltrbxd.com/resized/film-poster/8/2/9/3/6/4/829364-the-wonderful-story-of-henry-sugar-0-1000-0-1500-crop.jpg?v=887a913aa6,3.84,fantasy
Grosse Pointe Blank (1997),https://letterboxd.com/film/grosse-pointe-blank/,https://a.ltrbxd.com/resized/film-poster/4/7/1/6/3/47163-grosse-pointe-blank-0-1000-0-1500-crop.jpg?v=27d7c783ab,3.65,action
The Sandlot (1993),https://letterboxd.com/film/the-sandlot/,https://a.ltrbxd.com/resized/film-poster/4/5/2/2/0/45220-the-sandlot-0-1000-0-1500-crop.jpg?v=ab0f1f010f,3.75,family
JFK (1991),https://letterboxd.com/film/jfk/,https://a.ltrbxd.com/resized/sm/upload/8f/v3/89/3n/9bmXpKDJv2kdtD4QNexErjGTIOz-0-1000-0-1500-crop.jpg?v=50854a1ab6,4.04,drama
Die Hard (1988),https://letterboxd.com/film/die-hard/,https://a.ltrbxd.com/resized/film-poster/5/1/5/5/6/51556-die-hard-0-1000-0-1500-crop.jpg?v=e24e92754d,4.06,thriller
Pretty in Pink (1986),https://letterboxd.com/film/pretty-in-pink/,https://a.ltrbxd.com/resized/film-poster/4/5/2/2/6/45226-pretty-in-pink-0-1000-0-1500-crop.jpg?v=0a33939636,3.32,comedy
Sixteen Candles (1984),https://letterboxd.com/film/sixteen-candles/,https://a.ltrbxd.com/resized/film-poster/4/2/5/6/5/42565-sixteen-candles-0-1000-0-1500-crop.jpg?v=94f0a9665e,3.01,romance
Lucy (2014),https://letterboxd.com/film/lucy-2014/,https://a.ltrbxd.com/resized/film-poster/1/6/8/8/6/0/168860-lucy-0-1000-0-1500-crop.jpg?v=768578ef62,2.79,action
The Prince of Egypt (1998),https://letterboxd.com/film/the-prince-of-egypt/,https://a.ltrbxd.com/resized/film-poster/4/6/7/7/8/46778-the-prince-of-egypt-0-1000-0-1500-crop.jpg?v=b29fc0a633,4.04,adventure
Harry Potter 20th Anniversary: Return to Hogwarts (2022),https://letterboxd.com/film/harry-potter-20th-anniversary-return-to-hogwarts/,https://a.ltrbxd.com/resized/film-poster/8/0/9/4/4/3/809443-harry-potter-20th-anniversary-return-to-hogwarts-0-1000-0-1500-crop.jpg?v=342dc23859,3.87,documentary
Teenage Mutant Ninja Turtles: Mutant Mayhem (2023),https://letterboxd.com/film/teenage-mutant-ninja-turtles-mutant-mayhem/,https://a.ltrbxd.com/resized/film-poster/5/4/2/0/0/5/542005-teenage-mutant-ninja-turtles-mutant-mayhem-0-1000-0-1500-crop.jpg?v=1b29c3c041,3.77,action
"Red White & Royal Blue (2023)",https://letterboxd.com/film/red-white-royal-blue/,https://a.ltrbxd.com/resized/film-poster/8/3/5/4/1/7/835417-red-white-royal-blue-0-1000-0-1500-crop.jpg?v=79730f5057,3.17,comedy
Guardians of the Galaxy Vol. 3 (2023),https://letterboxd.com/film/guardians-of-the-galaxy-vol-3/,https://a.ltrbxd.com/resized/film-poster/3/7/9/7/1/1/379711-guardians-of-the-galaxy-volume-3-0-1000-0-1500-crop.jpg?v=bd023e472c,3.96,action
Morbius (2022),https://letterboxd.com/film/morbius/,https://a.ltrbxd.com/resized/film-poster/4/5/6/3/2/7/456327-morbius-0-1000-0-1500-crop.jpg?v=0139d15a49,1.59,science-fiction
Zootopia (2016),https://letterboxd.com/film/zootopia/,https://a.ltrbxd.com/resized/film-poster/1/9/2/4/1/0/192410-zootopia-0-1000-0-1500-crop.jpg?v=e22eae9a2a,3.71,animation
Dumb and Dumber To (2014),https://letterboxd.com/film/dumb-and-dumber-to/,https://a.ltrbxd.com/resized/film-poster/8/1/8/1/1/81811-dumb-and-dumber-to-0-1000-0-1500-crop.jpg?v=fa6c07f704,2.32,comedy
Fast Five (2011),https://letterboxd.com/film/fast-five/,https://a.ltrbxd.com/resized/sm/upload/xr/1t/wx/2n/cA81CI8odKv5KHRUUzJbj83yN7c-0-1000-0-1500-crop.jpg?v=0d8a25a11f,3.48,crime
Paddington in Peru (2024),https://letterboxd.com/film/paddington-in-peru/,https://a.ltrbxd.com/resized/film-poster/4/4/6/4/8/2/446482-paddington-in-peru-0-1000-0-1500-crop.jpg?v=929c78758b,3.49,comedy
The Crucible (1996),https://letterboxd.com/film/the-crucible/,https://a.ltrbxd.com/resized/sm/upload/e1/2m/w3/ld/q0wALqKrfEt4yA5flGYYkK5skoA-0-1000-0-1500-crop.jpg?v=71cda6ab14,3.25,history
The Graduate (1967),https://letterboxd.com/film/the-graduate/,https://a.ltrbxd.com/resized/sm/upload/64/us/cm/83/AuFvrbtWSPiBPIv9ewH2DV4nhCD-0-1000-0-1500-crop.jpg?v=4fee371b0d,4.11,comedy
Toy Story 3 (2010),https://letterboxd.com/film/toy-story-3/,https://a.ltrbxd.com/resized/film-poster/4/6/4/5/8/46458-toy-story-3-0-1000-0-1500-crop.jpg?v=d46903002c,4,comedy
The Cabin in the Woods (2011),https://letterboxd.com/film/the-cabin-in-the-woods/,https://a.ltrbxd.com/resized/film-poster/3/7/5/9/8/37598-the-cabin-in-the-woods-0-1000-0-1500-crop.jpg?v=0f79c08986,3.39,horror
Dadnapped (2009),https://letterboxd.com/film/dadnapped/,https://a.ltrbxd.com/resized/film-poster/3/8/0/8/6/38086-dadnapped-0-1000-0-1500-crop.jpg?v=8a2e614b27,2.15,comedy
Cast Away (2000),https://letterboxd.com/film/cast-away/,https://a.ltrbxd.com/resized/sm/upload/ze/6e/v4/6d/w515BrZvczKIxbHurG6HIiYYrba-0-1000-0-1500-crop.jpg?v=a219b513ea,3.88,drama
Face/Off (1997),https://letterboxd.com/film/face-off/,https://a.ltrbxd.com/resized/film-poster/5/1/3/9/8/51398-face-off-0-1000-0-1500-crop.jpg?v=d5e85f6afa,3.55,crime
Clue (1985),https://letterboxd.com/film/clue/,https://a.ltrbxd.com/resized/film-poster/4/2/5/3/1/42531-clue-0-1000-0-1500-crop.jpg?v=feff5bd18c,3.88,mystery
The Year Earth Changed (2021),https://letterboxd.com/film/the-year-earth-changed/,https://a.ltrbxd.com/resized/film-poster/7/2/8/5/2/5/728525-the-year-earth-changed-0-1000-0-1500-crop.jpg?v=5ac89c36c9,3.87,documentary
The Dictator (2012),https://letterboxd.com/film/the-dictator-2012/,https://a.ltrbxd.com/resized/film-poster/6/2/9/1/1/62911-the-dictator-0-1000-0-1500-crop.jpg?v=22cb165f90,2.9,comedy
Diary of a Wimpy Kid (2010),https://letterboxd.com/film/diary-of-a-wimpy-kid/,https://a.ltrbxd.com/resized/film-poster/2/9/9/4/7/29947-diary-of-a-wimpy-kid-0-1000-0-1500-crop.jpg?v=ac8c399cae,3.21,comedy
You've Got Mail (1998),https://letterboxd.com/film/youve-got-mail/,https://a.ltrbxd.com/resized/film-poster/4/7/1/0/9/47109-you-ve-got-mail-0-1000-0-1500-crop.jpg?v=4a6ca4dba1,3.51,comedy
Spotlight (2015),https://letterboxd.com/film/spotlight/,https://a.ltrbxd.com/resized/sm/upload/k6/pu/xx/cp/ngKxbvsn9Si5TYVJfi1EGAGwThU-0-1000-0-1500-crop.jpg?v=1b96c75210,4.1,history
Nope (2022),https://letterboxd.com/film/nope/,https://a.ltrbxd.com/resized/film-poster/6/8/2/5/4/7/682547-nope-0-1000-0-1500-crop.jpg?v=d6a6158cc3,3.69,mystery
"Monsters Inc. (2001)",https://letterboxd.com/film/monsters-inc/,https://a.ltrbxd.com/resized/sm/upload/r0/m8/t4/gs/7m1wKo1rM9QL5DMJCAs66bDQVYC-0-1000-0-1500-crop.jpg?v=7267a24218,4.08,comedy
White Chicks (2004),https://letterboxd.com/film/white-chicks/,https://a.ltrbxd.com/resized/film-poster/4/4/7/5/0/44750-white-chicks-0-1000-0-1500-crop.jpg?v=bfa48588cf,3.52,comedy
Bottoms (2023),https://letterboxd.com/film/bottoms/,https://a.ltrbxd.com/resized/film-poster/7/3/1/2/2/2/731222-bottoms-0-1000-0-1500-crop.jpg?v=11b87368c8,3.8,comedy
The Unbearable Weight of Massive Talent (2022),https://letterboxd.com/film/the-unbearable-weight-of-massive-talent/,https://a.ltrbxd.com/resized/film-poster/5/7/4/3/8/5/574385-the-unbearable-weight-of-massive-talent-0-1000-0-1500-crop.jpg?v=2c49da09f3,3.43,action
Shazam! (2019),https://letterboxd.com/film/shazam/,https://a.ltrbxd.com/resized/film-poster/2/1/3/1/9/0/213190-shazam--0-1000-0-1500-crop.jpg?v=5aea3f5ac2,3.06,action
Apollo 11 (2019),https://letterboxd.com/film/apollo-11-2019/,https://a.ltrbxd.com/resized/film-poster/4/7/8/3/6/1/478361-apollo-11-0-1000-0-1500-crop.jpg?v=7d7570a941,4.1,drama
How to Train Your Dragon (2010),https://letterboxd.com/film/how-to-train-your-dragon/,https://a.ltrbxd.com/resized/sm/upload/0r/r7/c6/7e/hIXX3IRFy0InUOmYeWjvhCAgQNj-0-1000-0-1500-crop.jpg?v=d158027eb4,4.07,fantasy
Gattaca (1997),https://letterboxd.com/film/gattaca/,https://a.ltrbxd.com/resized/film-poster/5/1/3/7/0/51370-gattaca-0-1000-0-1500-crop.jpg?v=a0ca9198ff,3.79,thriller
Strange Days (1995),https://letterboxd.com/film/strange-days/,https://a.ltrbxd.com/resized/sm/upload/1y/4q/va/98/sd-poster-0-1000-0-1500-crop.jpg?v=f28460c82d,3.82,crime
Spider-Man: Across the Spider-Verse (2023),https://letterboxd.com/film/spider-man-across-the-spider-verse/,https://a.ltrbxd.com/resized/film-poster/4/9/7/6/3/1/497631-spider-man-across-the-spider-verse-0-1000-0-1500-crop.jpg?v=f2acbf1b8a,4.42,animation
Braveheart (1995),https://letterboxd.com/film/braveheart/,https://a.ltrbxd.com/resized/sm/upload/kd/dn/w8/u2/2qAgGeYdLjelOEqjW9FYvPHpplC-0-1000-0-1500-crop.jpg?v=4c238c1082,3.89,history
Black Widow (2021),https://letterboxd.com/film/black-widow-2021/,https://a.ltrbxd.com/resized/film-poster/4/2/7/8/0/7/427807-black-widow-0-1000-0-1500-crop.jpg?v=691395e563,2.92,science-fiction
Flatliners (2017),https://letterboxd.com/film/flatliners-2017/,https://a.ltrbxd.com/resized/film-poster/3/3/5/4/3/7/335437-flatliners-0-1000-0-1500-crop.jpg?v=98e3de3e25,2.12,thriller
Donnie Darko (2001),https://letterboxd.com/film/donnie-darko/,https://a.ltrbxd.com/resized/sm/upload/ye/jq/f3/22/nmb4QhCRmdfNP6rgb81yUFgI83l-0-1000-0-1500-crop.jpg?v=caa3999c6f,3.98,fantasy
Back to the Future Part II (1989),https://letterboxd.com/film/back-to-the-future-part-ii/,https://a.ltrbxd.com/resized/film-poster/5/1/8/8/6/51886-back-to-the-future-part-ii-0-1000-0-1500-crop.jpg?v=85bd0a310a,3.88,comedy
Players (2024),https://letterboxd.com/film/players-2024/,https://a.ltrbxd.com/resized/film-poster/7/5/8/2/3/0/758230-players-0-1000-0-1500-crop.jpg?v=519795cb02,2.51,romance
Cruella (2021),https://letterboxd.com/film/cruella/,https://a.ltrbxd.com/resized/film-poster/2/6/6/6/7/6/266676-cruella-0-1000-0-1500-crop.jpg?v=310d3d59a9,3.48,comedy
Downfalls High (2021),https://letterboxd.com/film/downfalls-high/,https://a.ltrbxd.com/resized/film-poster/6/7/1/5/6/2/671562-downfalls-high-0-1000-0-1500-crop.jpg?v=76be63f175,2.42,romance
American Pie 2 (2001),https://letterboxd.com/film/american-pie-2/,https://a.ltrbxd.com/resized/film-poster/5/0/1/0/1/50101-american-pie-2-0-1000-0-1500-crop.jpg?v=cbd6963643,2.92,romance
Walker (1987),https://letterboxd.com/film/walker/,https://a.ltrbxd.com/resized/film-poster/3/3/6/6/1/33661-walker-0-1000-0-1500-crop.jpg?v=f378da94c1,3.77,drama
Gone with the Wind (1939),https://letterboxd.com/film/gone-with-the-wind/,https://a.ltrbxd.com/resized/film-poster/5/1/3/8/2/51382-gone-with-the-wind-0-1000-0-1500-crop.jpg?v=26a1d7ea7e,3.85,romance
Ant-Man and the Wasp: Quantumania (2023),https://letterboxd.com/film/ant-man-and-the-wasp-quantumania/,https://a.ltrbxd.com/resized/film-poster/5/6/6/2/3/7/566237-ant-man-and-the-wasp-quantumania-0-1000-0-1500-crop.jpg?v=27ced3fac4,2.22,adventure
The Bourne Legacy (2012),https://letterboxd.com/film/the-bourne-legacy/,https://a.ltrbxd.com/resized/sm/upload/lc/cd/9p/2a/qIJonjlSzU6LCJklS6CH3p5vLcQ-0-1000-0-1500-crop.jpg?v=4af7faed8e,2.81,thriller
The Amazing Spider-Man (2012),https://letterboxd.com/film/the-amazing-spider-man/,https://a.ltrbxd.com/resized/film-poster/5/0/6/7/7/50677-the-amazing-spider-man-0-1000-0-1500-crop.jpg?v=2e109aabed,3.39,science-fiction
Live Free or Die Hard (2007),https://letterboxd.com/film/live-free-or-die-hard/,https://a.ltrbxd.com/resized/film-poster/5/0/9/6/3/50963-live-free-or-die-hard-0-1000-0-1500-crop.jpg?v=542d66d0e6,2.92,action
Snowden (2016),https://letterboxd.com/film/snowden/,https://a.ltrbxd.com/resized/sm/upload/4m/zj/e1/ro/mWOotrG1MMKP9iCy2uPepbu27jk-0-1000-0-1500-crop.jpg?v=7f26b8a014,3.25,crime
The Hunger Games: Mockingjay – Part 1 (2014),https://letterboxd.com/film/the-hunger-games-mockingjay-part-1/,https://a.ltrbxd.com/resized/film-poster/1/0/1/9/9/1/101991-the-hunger-games-mockingjay-part-1-0-1000-0-1500-crop.jpg?v=2909b52c8c,3.28,thriller
Office Space (1999),https://letterboxd.com/film/office-space/,https://a.ltrbxd.com/resized/film-poster/5/0/9/9/1/50991-office-space-0-1000-0-1500-crop.jpg?v=ecc49b2fbf,3.73,comedy
Heathers (1989),https://letterboxd.com/film/heathers/,https://a.ltrbxd.com/resized/film-poster/5/0/1/7/7/50177-heathers-0-1000-0-1500-crop.jpg?v=dbd1f7062c,3.77,crime
Revenge of the Nerds (1984),https://letterboxd.com/film/revenge-of-the-nerds/,https://a.ltrbxd.com/resized/film-poster/4/3/3/8/4/43384-revenge-of-the-nerds-0-1000-0-1500-crop.jpg?v=38c989e2da,2.89,comedy
Brave (2012),https://letterboxd.com/film/brave-2012/,https://a.ltrbxd.com/resized/sm/upload/ct/de/cg/m1/tZhun7eLdyGv9nMJS9YTyOXeOCb-0-1000-0-1500-crop.jpg?v=31b29a5693,3.4,comedy
28 Days Later (2002),https://letterboxd.com/film/28-days-later/,https://a.ltrbxd.com/resized/sm/upload/qr/28/nz/3f/xaYdxi1PBEAYvqknvAmMPK5Eff3-0-1000-0-1500-crop.jpg?v=22d7237ed9,3.77,horror
Swordfish (2001),https://letterboxd.com/film/swordfish/,https://a.ltrbxd.com/resized/film-poster/4/6/8/9/9/46899-swordfish-0-1000-0-1500-crop.jpg?v=a1a44149ab,2.73,thriller
Home Alone 2: Lost in New York (1992),https://letterboxd.com/film/home-alone-2-lost-in-new-york/,https://a.ltrbxd.com/resized/sm/upload/i5/04/e8/7t/home%20alone%202-0-1000-0-1500-crop.jpg?v=03abfa6a99,3.53,comedy
The Purge: Election Year (2016),https://letterboxd.com/film/the-purge-election-year/,https://a.ltrbxd.com/resized/film-poster/2/4/3/7/4/5/243745-the-purge-election-year-0-1000-0-1500-crop.jpg?v=c8fb4ceb3d,2.66,action
The Smurfs (2011),https://letterboxd.com/film/the-smurfs/,https://a.ltrbxd.com/resized/sm/upload/hc/b2/22/c7/j2SvkGpJFugy2gbyzxCuX3ulXxh-0-1000-0-1500-crop.jpg?v=6af56ee4aa,2.37,animation
The Babysitter: Killer Queen (2020),https://letterboxd.com/film/the-babysitter-killer-queen/,https://a.ltrbxd.com/resized/film-poster/5/5/0/0/4/9/550049-the-babysitter-killer-queen-0-1000-0-1500-crop.jpg?v=ca9e4961f1,2.51,comedy
Casino (1995),https://letterboxd.com/film/casino/,https://a.ltrbxd.com/resized/sm/upload/6p/om/dp/mc/casino-original-0-1000-0-1500-crop.jpg?v=4bb9a2596f,4.2,crime
Primer (2004),https://letterboxd.com/film/primer/,https://a.ltrbxd.com/resized/film-poster/2/6/8/2/2682-primer-0-1000-0-1500-crop.jpg?v=0e02010779,3.6,science-fiction
Godzilla: King of the Monsters (2019),https://letterboxd.com/film/godzilla-king-of-the-monsters-2019/,https://a.ltrbxd.com/resized/film-poster/3/0/9/1/0/7/309107-godzilla-king-of-the-monsters-0-1000-0-1500-crop.jpg?v=d6625b756a,2.83,science-fiction
Lady Bird (2017),https://letterboxd.com/film/lady-bird/,https://a.ltrbxd.com/resized/film-poster/3/2/6/2/7/9/326279-lady-bird-0-1000-0-1500-crop.jpg?v=754ff28eb4,3.84,comedy
Dunkirk (2017),https://letterboxd.com/film/dunkirk-2017/,https://a.ltrbxd.com/resized/sm/upload/md/nb/pu/3i/bOXBV303Fgkzn2K4FeKDc0O31q4-0-1000-0-1500-crop.jpg?v=7307b1ff5b,3.77,action
Doctor Strange (2016),https://letterboxd.com/film/doctor-strange-2016/,https://a.ltrbxd.com/resized/film-poster/2/0/9/3/8/1/209381-doctor-strange-0-1000-0-1500-crop.jpg?v=1466da225d,3.46,action
Transcendence (2014),https://letterboxd.com/film/transcendence/,https://a.ltrbxd.com/resized/film-poster/1/1/7/5/8/2/117582-transcendence-0-1000-0-1500-crop.jpg?v=b9a1f7fe35,2.42,thriller
Plan B (2021),https://letterboxd.com/film/plan-b-2021/,https://a.ltrbxd.com/resized/film-poster/6/6/5/3/1/3/665313-plan-b-0-1000-0-1500-crop.jpg?v=ac49d3cd41,3.5,comedy
Run (2020),https://letterboxd.com/film/run-2020/,https://a.ltrbxd.com/resized/film-poster/4/7/5/0/3/2/475032-run-0-1000-0-1500-crop.jpg?v=565e813be0,3.16,thriller
Mississippi Grind (2015),https://letterboxd.com/film/mississippi-grind/,https://a.ltrbxd.com/resized/sm/upload/jf/yx/12/73/6b95JivLvHSWt5DAnEEoPR7MWjJ-0-1000-0-1500-crop.jpg?v=1954a121b2,3.33,comedy
Captain America: The Winter Soldier (2014),https://letterboxd.com/film/captain-america-the-winter-soldier/,https://a.ltrbxd.com/resized/sm/upload/he/p6/cc/lg/zt6b493XEL2OQ1bCSKccZ7V0iRY-0-1000-0-1500-crop.jpg?v=6296209106,3.73,adventure
Public Enemies (2009),https://letterboxd.com/film/public-enemies-2009/,https://a.ltrbxd.com/resized/sm/upload/03/z6/f7/n6/zY7lvAF8yhUKwrrjMpJ023ggBrD-0-1000-0-1500-crop.jpg?v=7cc67e6729,3.21,history
"The Chronicles of Narnia: The Lion the Witch and the Wardrobe (2005)",https://letterboxd.com/film/the-chronicles-of-narnia-the-lion-the-witch-and-the-wardrobe/,https://a.ltrbxd.com/resized/sm/upload/qz/9c/5h/2g/tFOQ4q6JnHcdw58ThL4SzFv37NT-0-1000-0-1500-crop.jpg?v=2d446cc094,3.57,adventure
GoldenEye (1995),https://letterboxd.com/film/goldeneye/,https://a.ltrbxd.com/resized/film-poster/5/1/4/1/6/51416-goldeneye-0-1000-0-1500-crop.jpg?v=89d4596d47,3.56,action
The Hunt for Red October (1990),https://letterboxd.com/film/the-hunt-for-red-october/,https://a.ltrbxd.com/resized/film-poster/5/0/8/7/3/50873-the-hunt-for-red-october-0-1000-0-1500-crop.jpg?v=f5191bdb86,3.75,adventure
Fantastic Beasts: The Secrets of Dumbledore (2022),https://letterboxd.com/film/fantastic-beasts-the-secrets-of-dumbledore/,https://a.ltrbxd.com/resized/film-poster/2/6/8/3/6/6/268366-fantastic-beasts-the-secrets-of-dumbledore-0-1000-0-1500-crop.jpg?v=9f87b69904,2.55,fantasy
The Blair Witch Project (1999),https://letterboxd.com/film/the-blair-witch-project/,https://a.ltrbxd.com/resized/film-poster/5/0/1/5/9/50159-the-blair-witch-project-0-1000-0-1500-crop.jpg?v=05594b24b0,3.3,mystery
The Mighty Ducks (1992),https://letterboxd.com/film/the-mighty-ducks/,https://a.ltrbxd.com/resized/film-poster/4/6/2/5/3/46253-the-mighty-ducks-0-1000-0-1500-crop.jpg?v=c931039eb8,3.32,comedy
The Green Mile (1999),https://letterboxd.com/film/the-green-mile/,https://a.ltrbxd.com/resized/film-poster/5/1/6/1/3/51613-the-green-mile-0-1000-0-1500-crop.jpg?v=fff3d0bd1f,4.25,drama
The Interview (2014),https://letterboxd.com/film/the-interview-2014/,https://a.ltrbxd.com/resized/film-poster/1/6/1/0/0/2/161002-the-interview-0-1000-0-1500-crop.jpg?v=9c3c3bf8ea,3,comedy
The Princess Bride (1987),https://letterboxd.com/film/the-princess-bride/,https://a.ltrbxd.com/resized/sm/upload/hk/2u/bd/9p/gpxjoE0yvRwIhFEJgNArtKtaN7S-0-1000-0-1500-crop.jpg?v=544eada136,4.07,adventure
We Cry Together (2022),https://letterboxd.com/film/we-cry-together/,https://a.ltrbxd.com/resized/film-poster/8/8/5/6/6/8/885668-we-cry-together-0-1000-0-1500-crop.jpg?v=f08c7917af,3.8,drama
Hugo (2011),https://letterboxd.com/film/hugo/,https://a.ltrbxd.com/resized/sm/upload/kp/9v/8u/7j/rSmmVKeW3nsP86V2S6R7ePs4CFw-0-1000-0-1500-crop.jpg?v=2e7a1b811a,3.5,adventure
The Rat Catcher (2023),https://letterboxd.com/film/the-rat-catcher-2023/,https://a.ltrbxd.com/resized/film-poster/1/0/5/9/4/5/7/1059457-the-rat-catcher-0-1000-0-1500-crop.jpg?v=0e4e81906d,3.31,comedy
The Lighthouse (2019),https://letterboxd.com/film/the-lighthouse-2019/,https://a.ltrbxd.com/resized/film-poster/4/3/3/8/6/3/433863-the-lighthouse-0-1000-0-1500-crop.jpg?v=ee97005537,4.02,horror
Black Mass (2015),https://letterboxd.com/film/black-mass-2015/,https://a.ltrbxd.com/resized/film-poster/1/8/4/5/2/6/184526-black-mass-0-1000-0-1500-crop.jpg?v=23a1f6cd61,3.11,history
The Lego Movie (2014),https://letterboxd.com/film/the-lego-movie/,https://a.ltrbxd.com/resized/sm/upload/az/2g/rn/wz/7HdNvpAMnU9rjKDJSFzAjnsz0eh-0-1000-0-1500-crop.jpg?v=d12c4cb9e6,3.81,family
Sherlock Holmes: A Game of Shadows (2011),https://letterboxd.com/film/sherlock-holmes-a-game-of-shadows/,https://a.ltrbxd.com/resized/sm/upload/sh/7g/r1/5p/y0VDbFfEE2ehlCysjIihgNBzmA3-0-1000-0-1500-crop.jpg?v=e20a541915,3.32,crime
Transformers: Dark of the Moon (2011),https://letterboxd.com/film/transformers-dark-of-the-moon/,https://a.ltrbxd.com/resized/sm/upload/5b/qz/q0/l6/p2CcXx2AUllgwGis5jsffYQGE3F-0-1000-0-1500-crop.jpg?v=887640d802,2.66,action
"tick tick... BOOM! (2021)",https://letterboxd.com/film/tick-tick-boom-2021/,https://a.ltrbxd.com/resized/film-poster/4/6/6/2/9/1/466291-tick-tick-boom--0-1000-0-1500-crop.jpg?v=37cdb94d8e,3.84,drama
Nightcrawler (2014),https://letterboxd.com/film/nightcrawler/,https://a.ltrbxd.com/resized/sm/upload/g7/2e/vi/vy/A9ANrAWlmIovxzjAIiOgseSLNc9-0-1000-0-1500-crop.jpg?v=6bcb14c88c,4.04,drama
Snatch (2000),https://letterboxd.com/film/snatch/,https://a.ltrbxd.com/resized/sm/upload/6p/tf/oh/ao/on9JlbGEccLsYkjeEph2Whm1DIp-0-1000-0-1500-crop.jpg?v=ea6fc1a2db,4.03,comedy
Halloweentown (1998),https://letterboxd.com/film/halloweentown/,https://a.ltrbxd.com/resized/film-poster/3/4/1/4/6/34146-halloweentown-0-1000-0-1500-crop.jpg?v=33867b48ea,3.16,adventure
The Truman Show (1998),https://letterboxd.com/film/the-truman-show/,https://a.ltrbxd.com/resized/sm/upload/xx/io/jp/45/the-truman-show-0-1000-0-1500-crop.jpg?v=704ba393f7,4.22,comedy
Friday (1995),https://letterboxd.com/film/friday/,https://a.ltrbxd.com/resized/film-poster/4/6/0/4/0/46040-friday-0-1000-0-1500-crop.jpg?v=c18c808736,3.57,comedy
Napoleon (2023),https://letterboxd.com/film/napoleon-2023/,https://a.ltrbxd.com/resized/film-poster/6/7/4/1/3/7/674137-napoleon-0-1000-0-1500-crop.jpg?v=8cb54e07b5,2.91,history
Arrival (2016),https://letterboxd.com/film/arrival-2016/,https://a.ltrbxd.com/resized/sm/upload/3u/dy/qd/qd/4Iu5f2nv7huqvuYkmZvSPOtbFjs-0-1000-0-1500-crop.jpg?v=0fc28fdf2c,4.13,science-fiction
War Dogs (2016),https://letterboxd.com/film/war-dogs-2016/,https://a.ltrbxd.com/resized/sm/upload/7b/d2/2z/ef/aqhAqttDq7zgsTaBHtCD8wmTk6k-0-1000-0-1500-crop.jpg?v=b1d4ca3acb,3.43,comedy
Kick-Ass (2010),https://letterboxd.com/film/kick-ass/,https://a.ltrbxd.com/resized/sm/upload/qp/bw/k2/ia/jP8kukObEty5liW76QxJ1o5qlFL-0-1000-0-1500-crop.jpg?v=d066c2ed48,3.51,crime
Wedding Crashers (2005),https://letterboxd.com/film/wedding-crashers/,https://a.ltrbxd.com/resized/film-poster/4/7/0/7/8/47078-wedding-crashers-0-1000-0-1500-crop.jpg?v=f3b8dde858,3.16,comedy
Mean Girls (2004),https://letterboxd.com/film/mean-girls/,https://a.ltrbxd.com/resized/film-poster/4/6/0/4/9/46049-mean-girls-0-1000-0-1500-crop.jpg?v=e6378abb7b,3.83,comedy
Almost Famous (2000),https://letterboxd.com/film/almost-famous/,https://a.ltrbxd.com/resized/sm/upload/8r/4k/tl/rx/mlOGVofLSyFAoVYcjVS2WRVvQjr-0-1000-0-1500-crop.jpg?v=ffceabaa03,4.06,drama
It's What's Inside (2024),https://letterboxd.com/film/its-whats-inside/,https://a.ltrbxd.com/resized/film-poster/9/4/9/0/5/3/949053-its-whats-inside-0-1000-0-1500-crop.jpg?v=ea1abf3c49,3.47,science-fiction
Wonka (2023),https://letterboxd.com/film/wonka/,https://a.ltrbxd.com/resized/film-poster/7/0/6/0/8/3/706083-wonka-0-1000-0-1500-crop.jpg?v=d4bd6afd7f,3.21,comedy
Honor Society (2022),https://letterboxd.com/film/honor-society/,https://a.ltrbxd.com/resized/film-poster/8/3/4/7/6/5/834765-honor-society-0-1000-0-1500-crop.jpg?v=b4caaeb76b,3.2,comedy
Totally Under Control (2020),https://letterboxd.com/film/totally-under-control/,https://a.ltrbxd.com/resized/film-poster/6/6/3/1/5/8/663158-totally-under-control-0-1000-0-1500-crop.jpg?v=eaf8b4a9fd,3.67,documentary
Madeline & Cooper (2018),https://letterboxd.com/film/madeline-cooper/,https://a.ltrbxd.com/resized/film-poster/8/3/4/8/8/5/834885-madeline-cooper-0-1000-0-1500-crop.jpg?v=e593d5e4bb,3.32,
Enemy (2013),https://letterboxd.com/film/enemy/,https://a.ltrbxd.com/resized/sm/upload/sj/00/0d/n1/aQkyFHzNzZoMhxZ7c0IaK8BljED-0-1000-0-1500-crop.jpg?v=338dcff82c,3.61,mystery
Camp Rock 2: The Final Jam (2010),https://letterboxd.com/film/camp-rock-2-the-final-jam/,https://a.ltrbxd.com/resized/film-poster/2/0/9/2/8/20928-camp-rock-2-the-final-jam-0-1000-0-1500-crop.jpg?v=acad55ec1b,2.58,music
The Fall Guy (2024),https://letterboxd.com/film/the-fall-guy-2024/,https://a.ltrbxd.com/resized/film-poster/6/6/7/5/5/0/667550-the-fall-guy-0-1000-0-1500-crop.jpg?v=5f491a1281,3.42,romance
Scott Pilgrim vs. the World (2010),https://letterboxd.com/film/scott-pilgrim-vs-the-world/,https://a.ltrbxd.com/resized/sm/upload/vs/75/02/fx/2B5zjs5E3xerqAyowpw3QcOCyLq-0-1000-0-1500-crop.jpg?v=3aef2095df,3.88,comedy
The Gray Man (2022),https://letterboxd.com/film/the-gray-man-2022/,https://a.ltrbxd.com/resized/film-poster/6/4/7/7/6/0/647760-the-gray-man-0-1000-0-1500-crop.jpg?v=85006270c0,2.77,thriller
Now You See Me 2 (2016),https://letterboxd.com/film/now-you-see-me-2/,https://a.ltrbxd.com/resized/film-poster/2/1/8/0/5/1/218051-now-you-see-me-2-0-1000-0-1500-crop.jpg?v=b5b3265e19,2.99,thriller
The Big Short (2015),https://letterboxd.com/film/the-big-short/,https://a.ltrbxd.com/resized/film-poster/2/4/6/0/1/3/246013-the-big-short-0-1000-0-1500-crop.jpg?v=53fc881989,3.83,drama
The Karate Kid (2010),https://letterboxd.com/film/the-karate-kid-2010/,https://a.ltrbxd.com/resized/film-poster/2/6/0/2/5/26025-the-karate-kid-0-1000-0-1500-crop.jpg?v=e1397c637d,3.04,drama
"The Good the Bad and the Ugly (1966)",https://letterboxd.com/film/the-good-the-bad-and-the-ugly/,https://a.ltrbxd.com/resized/film-poster/5/1/6/6/6/51666-the-good-the-bad-and-the-ugly-0-1000-0-1500-crop.jpg?v=9474a84e63,4.5,western
Reality (2023),https://letterboxd.com/film/reality-2023/,https://a.ltrbxd.com/resized/film-poster/8/8/7/4/9/1/887491-reality-0-1000-0-1500-crop.jpg?v=4524aa6c93,3.26,drama
The Lost City (2022),https://letterboxd.com/film/the-lost-city-2022/,https://a.ltrbxd.com/resized/film-poster/6/7/3/4/7/4/673474-the-lost-city-0-1000-0-1500-crop.jpg?v=adc61a529d,2.75,adventure
Batman v Superman: Dawn of Justice (2016),https://letterboxd.com/film/batman-v-superman-dawn-of-justice/,https://a.ltrbxd.com/resized/sm/upload/ge/rr/co/14/w7PsEa7Ilk53vFI7PplTJYckIJj-0-1000-0-1500-crop.jpg?v=61f95015b5,2.44,action
Maze Runner: The Scorch Trials (2015),https://letterboxd.com/film/maze-runner-the-scorch-trials/,https://a.ltrbxd.com/resized/film-poster/2/2/1/2/3/2/221232-maze-runner-the-scorch-trials-0-1000-0-1500-crop.jpg?v=d0d409ed40,3.01,thriller
The House Bunny (2008),https://letterboxd.com/film/the-house-bunny/,https://a.ltrbxd.com/resized/film-poster/4/4/4/2/1/44421-the-house-bunny-0-1000-0-1500-crop.jpg?v=d0ce80f9e8,2.91,romance
Shrek the Halls (2007),https://letterboxd.com/film/shrek-the-halls/,https://a.ltrbxd.com/resized/film-poster/4/3/9/2/5/43925-shrek-the-halls-0-1000-0-1500-crop.jpg?v=fe61962fdd,2.96,family
Joker: Folie à Deux (2024),https://letterboxd.com/film/joker-folie-a-deux/,https://a.ltrbxd.com/resized/film-poster/8/0/0/8/5/8/800858-joker-folie-a-deux-0-1000-0-1500-crop.jpg?v=a4bf0389e2,2.4,thriller
Zombieland: Double Tap (2019),https://letterboxd.com/film/zombieland-double-tap/,https://a.ltrbxd.com/resized/film-poster/2/6/8/3/8/0/268380-zombieland-double-tap-0-1000-0-1500-crop.jpg?v=3bbb3e327b,3.01,action
Logan Lucky (2017),https://letterboxd.com/film/logan-lucky/,https://a.ltrbxd.com/resized/sm/upload/oh/pn/ri/gu/mQrhrBaaHvRfBQq0Px3HtVbH9iE-0-1000-0-1500-crop.jpg?v=2334b4b53b,3.55,action
Batman Begins (2005),https://letterboxd.com/film/batman-begins/,https://a.ltrbxd.com/resized/film-poster/5/1/7/8/4/51784-batman-begins-0-1000-0-1500-crop.jpg?v=f090edc352,3.81,crime
Enemy at the Gates (2001),https://letterboxd.com/film/enemy-at-the-gates/,https://a.ltrbxd.com/resized/film-poster/5/1/2/9/9/51299-enemy-at-the-gates-0-1000-0-1500-crop.jpg?v=746124e031,3.52,romance
Willy's Wonderland (2021),https://letterboxd.com/film/willys-wonderland/,https://a.ltrbxd.com/resized/film-poster/5/6/9/3/7/5/569375-willy-s-wonderland-0-1000-0-1500-crop.jpg?v=8773b04f77,2.63,action
The Hangover Part II (2011),https://letterboxd.com/film/the-hangover-part-ii/,https://a.ltrbxd.com/resized/sm/upload/14/sk/45/1c/hFUsdnUoQDQ02EVlKTyhDTdehEr-0-1000-0-1500-crop.jpg?v=b607a95894,3,comedy
A Christmas Carol (2009),https://letterboxd.com/film/a-christmas-carol-2009/,https://a.ltrbxd.com/resized/film-poster/4/0/6/5/3/40653-a-christmas-carol-0-1000-0-1500-crop.jpg?v=0f15421ac7,3.18,fantasy
The Pink Panther (2006),https://letterboxd.com/film/the-pink-panther/,https://a.ltrbxd.com/resized/film-poster/4/4/8/0/4/44804-the-pink-panther-0-1000-0-1500-crop.jpg?v=11dba2f9fe,2.85,comedy
Spider-Man 2 (2004),https://letterboxd.com/film/spider-man-2/,https://a.ltrbxd.com/resized/sm/upload/pq/mi/kb/ck/7JtMVM58MnzxWeyubzLpXBiVnDC-0-1000-0-1500-crop.jpg?v=c5f2675b28,3.9,action
Dumb and Dumber (1994),https://letterboxd.com/film/dumb-and-dumber/,https://a.ltrbxd.com/resized/sm/upload/72/oe/b4/no/st4P2TtPrAfNwu8HLXoPsPPii42-0-1000-0-1500-crop.jpg?v=b9b04f9e8b,3.35,comedy
The Ref (1994),https://letterboxd.com/film/the-ref/,https://a.ltrbxd.com/resized/film-poster/4/5/8/1/3/45813-the-ref-0-1000-0-1500-crop.jpg?v=8f29f3d3b7,3.35,drama
Total Recall (1990),https://letterboxd.com/film/total-recall/,https://a.ltrbxd.com/resized/film-poster/5/1/2/9/1/51291-total-recall-0-1000-0-1500-crop.jpg?v=85f262b6c9,3.82,action
Patriots Day (2016),https://letterboxd.com/film/patriots-day/,https://a.ltrbxd.com/resized/film-poster/3/2/3/0/4/5/323045-patriots-day-0-1000-0-1500-crop.jpg?v=4be0d70577,3.47,crime
Pitch Perfect 2 (2015),https://letterboxd.com/film/pitch-perfect-2/,https://a.ltrbxd.com/resized/film-poster/1/7/8/2/8/2/178282-pitch-perfect-2-0-1000-0-1500-crop.jpg?v=c4530d149e,2.99,music
Despicable Me (2010),https://letterboxd.com/film/despicable-me/,https://a.ltrbxd.com/resized/film-poster/3/9/0/6/7/39067-despicable-me-0-1000-0-1500-crop.jpg?v=a50cb28a31,3.59,comedy
RoboCop (1987),https://letterboxd.com/film/robocop/,https://a.ltrbxd.com/resized/sm/upload/dz/ke/a9/9m/robocop-0-1000-0-1500-crop.jpg?v=46efa9f76c,3.91,action
Darkest Hour (2017),https://letterboxd.com/film/darkest-hour/,https://a.ltrbxd.com/resized/film-poster/3/3/3/6/5/4/333654-darkest-hour-0-1000-0-1500-crop.jpg?v=f7d0481d84,3.52,drama
"Three Billboards Outside Ebbing Missouri (2017)",https://letterboxd.com/film/three-billboards-outside-ebbing-missouri/,https://a.ltrbxd.com/resized/film-poster/2/9/1/6/1/0/291610-three-billboards-outside-ebbing-missouri-0-1000-0-1500-crop.jpg?v=26123017e3,4.05,crime
Laid in America (2016),https://letterboxd.com/film/laid-in-america/,https://a.ltrbxd.com/resized/film-poster/2/7/7/9/9/6/277996-laid-in-america-0-1000-0-1500-crop.jpg?v=0f61b445ba,1.73,comedy
Split (2016),https://letterboxd.com/film/split-2016/,https://a.ltrbxd.com/resized/sm/upload/5e/pw/vs/km/8CHJcVc5IGXS1sC5DyjeMwTDEQH-0-1000-0-1500-crop.jpg?v=ab64d75800,3.49,thriller
Mr. & Mrs. Smith (2005),https://letterboxd.com/film/mr-mrs-smith-2005/,https://a.ltrbxd.com/resized/film-poster/5/1/3/6/5/51365-mr-mrs-smith-0-1000-0-1500-crop.jpg?v=90968fbbd9,3.25,thriller
A.I. Artificial Intelligence (2001),https://letterboxd.com/film/ai-artificial-intelligence/,https://a.ltrbxd.com/resized/film-poster/5/1/4/8/0/51480-a-i-artificial-intelligence-0-1000-0-1500-crop.jpg?v=cce766abd8,3.62,drama
Terminator 2: Judgment Day (1991),https://letterboxd.com/film/terminator-2-judgment-day/,https://a.ltrbxd.com/resized/sm/upload/03/67/3s/tc/terminator-2-judgment-day-original-0-1000-0-1500-crop.jpg?v=12f5752b5c,4.29,thriller
The Map of Tiny Perfect Things (2021),https://letterboxd.com/film/the-map-of-tiny-perfect-things/,https://a.ltrbxd.com/resized/film-poster/5/9/7/2/8/4/597284-the-map-of-tiny-perfect-things-0-1000-0-1500-crop.jpg?v=1cf5d27def,3.25,romance
Licorice Pizza (2021),https://letterboxd.com/film/licorice-pizza/,https://a.ltrbxd.com/resized/film-poster/6/4/1/0/8/6/641086-licorice-pizza-0-1000-0-1500-crop.jpg?v=6f08c3828c,3.57,romance
(500) Days of Summer (2009),https://letterboxd.com/film/500-days-of-summer/,https://a.ltrbxd.com/resized/film-poster/3/9/3/5/0/39350--500-days-of-summer-0-1000-0-1500-crop.jpg?v=05995ae0b3,3.67,romance
Big Night (1996),https://letterboxd.com/film/big-night/,https://a.ltrbxd.com/resized/film-poster/4/0/5/0/9/40509-big-night-0-1000-0-1500-crop.jpg?v=520ad1b2c5,3.89,drama
Home Alone (1990),https://letterboxd.com/film/home-alone/,https://a.ltrbxd.com/resized/sm/upload/e6/mn/oi/ky/8IWPBT1rkAaI8Kpk5V3WfQRklJ7-0-1000-0-1500-crop.jpg?v=cb22d36a0e,3.83,family
Do Revenge (2022),https://letterboxd.com/film/do-revenge/,https://a.ltrbxd.com/resized/film-poster/6/8/3/1/9/4/683194-do-revenge-0-1000-0-1500-crop.jpg?v=19da99b72f,3.07,romance
Star Wars: The Last Jedi (2017),https://letterboxd.com/film/star-wars-the-last-jedi/,https://a.ltrbxd.com/resized/sm/upload/21/h4/fo/18/47zTsc9gkruDmDssiCqyZTxdOla-0-1000-0-1500-crop.jpg?v=2a45b40d17,2.94,adventure
Spy Kids (2001),https://letterboxd.com/film/spy-kids/,https://a.ltrbxd.com/resized/sm/upload/90/36/3m/ts/10zMofjfvnKahF8wqZ4nNzVeNps-0-1000-0-1500-crop.jpg?v=318141fcc8,2.99,family
Afterlife of the Party (2021),https://letterboxd.com/film/afterlife-of-the-party/,https://a.ltrbxd.com/resized/film-poster/7/0/3/5/7/6/703576-afterlife-of-the-party-0-1000-0-1500-crop.jpg?v=81cbac9c1c,2.48,fantasy
Ghostbusters: Afterlife (2021),https://letterboxd.com/film/ghostbusters-afterlife/,https://a.ltrbxd.com/resized/film-poster/3/5/9/3/4/9/359349-ghostbusters-afterlife-0-1000-0-1500-crop.jpg?v=b306cafe34,3.03,comedy
A Classic Horror Story (2021),https://letterboxd.com/film/a-classic-horror-story/,https://a.ltrbxd.com/resized/film-poster/6/8/8/0/6/4/688064-a-classic-horror-story-0-1000-0-1500-crop.jpg?v=3e6a6cf00d,2.73,
Toy Story 4 (2019),https://letterboxd.com/film/toy-story-4/,https://a.ltrbxd.com/resized/film-poster/2/2/8/6/2/8/228628-toy-story-4-0-1000-0-1500-crop.jpg?v=e5bf22ba02,3.37,adventure
Captain Phillips (2013),https://letterboxd.com/film/captain-phillips/,https://a.ltrbxd.com/resized/sm/upload/40/ff/o6/j6/zyYLjnmr928WDLOxGPF1fzdu7E5-0-1000-0-1500-crop.jpg?v=fb0b4ffe39,3.76,action
Superbad (2007),https://letterboxd.com/film/superbad/,https://a.ltrbxd.com/resized/film-poster/4/7/7/7/6/47776-superbad-0-1000-0-1500-crop.jpg?v=b43686efcb,3.89,comedy
Peter Pan (2003),https://letterboxd.com/film/peter-pan-2003/,https://a.ltrbxd.com/resized/film-poster/4/6/0/7/2/46072-peter-pan-0-1000-0-1500-crop.jpg?v=2fb91b4d2e,3.49,fantasy
You Are So Not Invited to My Bat Mitzvah (2023),https://letterboxd.com/film/you-are-so-not-invited-to-my-bat-mitzvah/,https://a.ltrbxd.com/resized/film-poster/9/0/0/3/5/6/900356-you-are-so-not-invited-to-my-bat-mitzvah-0-1000-0-1500-crop.jpg?v=b6e8b48a94,2.62,comedy
Space Jam: A New Legacy (2021),https://letterboxd.com/film/space-jam-a-new-legacy/,https://a.ltrbxd.com/resized/film-poster/3/1/4/8/8/3/314883-space-jam-a-new-legacy-0-1000-0-1500-crop.jpg?v=c640006c01,1.85,animation
Plus One (2019),https://letterboxd.com/film/plus-one-2019/,https://a.ltrbxd.com/resized/film-poster/4/3/7/9/8/9/437989-plus-one-0-1000-0-1500-crop.jpg?v=e2769d9468,3.42,romance
The Hunger Games: Mockingjay – Part 2 (2015),https://letterboxd.com/film/the-hunger-games-mockingjay-part-2/,https://a.ltrbxd.com/resized/sm/upload/tq/6c/uw/7r/nN4cEJMHJHbJBsp3vvvhtNWLGqg-0-1000-0-1500-crop.jpg?v=2b65a152e1,3.37,adventure
Godzilla (2014),https://letterboxd.com/film/godzilla-2014/,https://a.ltrbxd.com/resized/film-poster/9/8/3/3/6/98336-godzilla-0-1000-0-1500-crop.jpg?v=c1344855a7,3.07,science-fiction
Fast & Furious (2009),https://letterboxd.com/film/fast-furious/,https://a.ltrbxd.com/resized/film-poster/4/3/5/8/2/43582-fast-furious-0-1000-0-1500-crop.jpg?v=e16e161e36,2.9,action
Once Upon a Studio (2023),https://letterboxd.com/film/once-upon-a-studio/,https://a.ltrbxd.com/resized/film-poster/1/0/2/5/6/8/0/1025680-once-upon-a-studio-0-1000-0-1500-crop.jpg?v=531894ef8e,4.15,comedy
BlackBerry (2023),https://letterboxd.com/film/blackberry-2023/,https://a.ltrbxd.com/resized/film-poster/9/1/5/2/3/0/915230-blackberry-0-1000-0-1500-crop.jpg?v=06a0669b8f,3.76,drama
The Green Knight (2021),https://letterboxd.com/film/the-green-knight/,https://a.ltrbxd.com/resized/film-poster/4/8/8/3/9/9/488399-the-green-knight-0-1000-0-1500-crop.jpg?v=874a267b92,3.69,adventure
The Devil All the Time (2020),https://letterboxd.com/film/the-devil-all-the-time/,https://a.ltrbxd.com/resized/film-poster/4/2/9/9/4/5/429945-the-devil-all-the-time-0-1000-0-1500-crop.jpg?v=4b048ec678,3.31,drama
Olympus Has Fallen (2013),https://letterboxd.com/film/olympus-has-fallen/,https://a.ltrbxd.com/resized/sm/upload/ma/6v/mk/gk/l542hLtKhsmOWEBFoC7Aajk0nKt-0-1000-0-1500-crop.jpg?v=f8984368ce,2.79,action
Fantastic Four: Rise of the Silver Surfer (2007),https://letterboxd.com/film/fantastic-four-rise-of-the-silver-surfer/,https://a.ltrbxd.com/resized/film-poster/5/0/6/3/1/50631-fantastic-four-rise-of-the-silver-surfer-0-1000-0-1500-crop.jpg?v=2affd85087,2.33,action
Madagascar (2005),https://letterboxd.com/film/madagascar/,https://a.ltrbxd.com/resized/sm/upload/4g/qd/0m/h2/80MP1QuE4D8TQ0EBygGbWiWadrd-0-1000-0-1500-crop.jpg?v=bf11b45f90,3.54,family
Schindler's List (1993),https://letterboxd.com/film/schindlers-list/,https://a.ltrbxd.com/resized/sm/upload/bz/1x/em/jr/yPisjyLweCl1tbgwgtzBCNCBle-0-1000-0-1500-crop.jpg?v=ca5215c5a9,4.53,history
Juror #2 (2024),https://letterboxd.com/film/juror-2/,https://a.ltrbxd.com/resized/film-poster/9/9/7/7/2/2/997722-juror-2-0-1000-0-1500-crop.jpg?v=14601fa694,3.39,drama
A Quiet Place (2018),https://letterboxd.com/film/a-quiet-place-2018/,https://a.ltrbxd.com/resized/film-poster/3/7/9/6/8/7/379687-a-quiet-place-0-1000-0-1500-crop.jpg?v=895e756ae7,3.65,drama
Blade Runner 2049 (2017),https://letterboxd.com/film/blade-runner-2049/,https://a.ltrbxd.com/resized/film-poster/2/6/5/4/3/9/265439-blade-runner-2049-0-1000-0-1500-crop.jpg?v=86735e0bb8,4.11,science-fiction
Notting Hill (1999),https://letterboxd.com/film/notting-hill/,https://a.ltrbxd.com/resized/sm/upload/pa/ej/k3/ft/notting-hill-0-1000-0-1500-crop.jpg?v=a589bf6ce2,3.66,comedy
Air Force One (1997),https://letterboxd.com/film/air-force-one/,https://a.ltrbxd.com/resized/film-poster/4/6/8/3/8/46838-air-force-one-0-1000-0-1500-crop.jpg?v=1638c152a8,3.22,thriller
Apocalypse Now (1979),https://letterboxd.com/film/apocalypse-now/,https://a.ltrbxd.com/resized/film-poster/2/6/9/0/2690-apocalypse-now-0-1000-0-1500-crop.jpg?v=d4f99c09a3,4.44,drama
Ben-Hur (1959),https://letterboxd.com/film/ben-hur-1959/,https://a.ltrbxd.com/resized/film-poster/5/1/4/5/9/51459-ben-hur-0-1000-0-1500-crop.jpg?v=05db23182b,4.05,drama
Five Nights at Freddy's (2023),https://letterboxd.com/film/five-nights-at-freddys/,https://a.ltrbxd.com/resized/film-poster/4/3/6/9/4/8/436948-five-nights-at-freddy-s-0-1000-0-1500-crop.jpg?v=6ff52485a8,2.56,horror
Sicario (2015),https://letterboxd.com/film/sicario-2015/,https://a.ltrbxd.com/resized/film-poster/1/9/7/6/2/8/197628-sicario-0-1000-0-1500-crop.jpg?v=06d4163bb2,3.98,action
9 (2009),https://letterboxd.com/film/9/,https://a.ltrbxd.com/resized/film-poster/4/4/6/6/7/44667-9-0-1000-0-1500-crop.jpg?v=b33dd485d4,3.45,action
Bolt (2008),https://letterboxd.com/film/bolt/,https://a.ltrbxd.com/resized/sm/upload/5q/da/f1/rt/6pTNDqXPPZmN6I5buVeTEnwbjn0-0-1000-0-1500-crop.jpg?v=ff50fd01d6,3.13,family
The Color Purple (1985),https://letterboxd.com/film/the-color-purple/,https://a.ltrbxd.com/resized/film-poster/5/1/2/7/9/51279-the-color-purple-0-1000-0-1500-crop.jpg?v=e67110dbfe,3.91,drama
Argylle (2024),https://letterboxd.com/film/argylle/,https://a.ltrbxd.com/resized/film-poster/7/6/3/1/6/0/763160-argylle-0-1000-0-1500-crop.jpg?v=82c014880d,2.26,action
Ad Astra (2019),https://letterboxd.com/film/ad-astra-2019/,https://a.ltrbxd.com/resized/film-poster/3/5/3/4/8/5/353485-ad-astra-0-1000-0-1500-crop.jpg?v=a4302e46ef,3.36,drama
Harry Potter and the Chamber of Secrets (2002),https://letterboxd.com/film/harry-potter-and-the-chamber-of-secrets/,https://a.ltrbxd.com/resized/sm/upload/rj/yc/zl/ex/g8IQhqYYLERU0UxjVaySP46PFEZ-0-1000-0-1500-crop.jpg?v=d867145245,3.61,fantasy
James and the Giant Peach (1996),https://letterboxd.com/film/james-and-the-giant-peach/,https://a.ltrbxd.com/resized/film-poster/4/6/1/3/3/46133-james-and-the-giant-peach-0-1000-0-1500-crop.jpg?v=4d3e4d1bde,3.36,family
Soul (2020),https://letterboxd.com/film/soul-2020/,https://a.ltrbxd.com/resized/film-poster/4/3/8/5/1/1/438511-soul-0-1000-0-1500-crop.jpg?v=8d0b74f9a8,3.93,family
Pokémon Detective Pikachu (2019),https://letterboxd.com/film/pokemon-detective-pikachu/,https://a.ltrbxd.com/resized/film-poster/3/7/9/6/2/6/379626-pokemon-detective-pikachu-0-1000-0-1500-crop.jpg?v=5ab0bc33bf,3.04,action
Halloweentown II: Kalabar's Revenge (2001),https://letterboxd.com/film/halloweentown-ii-kalabars-revenge/,https://a.ltrbxd.com/resized/film-poster/2/9/2/7/1/29271-halloweentown-ii-kalabar-s-revenge-0-1000-0-1500-crop.jpg?v=7821c082b8,2.86,adventure
10 Things I Hate About You (1999),https://letterboxd.com/film/10-things-i-hate-about-you/,https://a.ltrbxd.com/resized/sm/upload/hl/jj/br/9g/Kd5OkBc6GyUa1tIpxYUHLpyE2t-0-1000-0-1500-crop.jpg?v=a2db0a150a,4.03,comedy
2001: A Space Odyssey (1968),https://letterboxd.com/film/2001-a-space-odyssey/,https://a.ltrbxd.com/resized/sm/upload/fe/jp/49/l9/eDiexVN4nO3ZdDZCDMiJOX5fQ5r-0-1000-0-1500-crop.jpg?v=ef7fa718a0,4.28,adventure
Army of the Dead (2021),https://letterboxd.com/film/army-of-the-dead-2021/,https://a.ltrbxd.com/resized/film-poster/4/3/3/6/5/2/433652-army-of-the-dead-0-1000-0-1500-crop.jpg?v=a6fb93b0e3,2.5,horror
Good Boys (2019),https://letterboxd.com/film/good-boys-2019/,https://a.ltrbxd.com/resized/film-poster/4/5/1/2/9/6/451296-good-boys-0-1000-0-1500-crop.jpg?v=45b3c21b45,3.13,comedy
Star Wars: Episode I – The Phantom Menace (1999),https://letterboxd.com/film/star-wars-episode-i-the-phantom-menace/,https://a.ltrbxd.com/resized/film-poster/5/0/7/1/1/50711-star-wars-episode-i-the-phantom-menace-0-1000-0-1500-crop.jpg?v=cdb8caab10,2.99,action
My Best Friend's Wedding (1997),https://letterboxd.com/film/my-best-friends-wedding/,https://a.ltrbxd.com/resized/film-poster/4/7/5/5/0/47550-my-best-friend-s-wedding-0-1000-0-1500-crop.jpg?v=181f47401f,3.19,comedy
Monty Python and the Holy Grail (1975),https://letterboxd.com/film/monty-python-and-the-holy-grail/,https://a.ltrbxd.com/resized/film-poster/5/1/3/9/0/51390-monty-python-and-the-holy-grail-0-1000-0-1500-crop.jpg?v=a294ae5def,4.14,fantasy
Godzilla Minus One (2023),https://letterboxd.com/film/godzilla-minus-one/,https://a.ltrbxd.com/resized/film-poster/8/4/5/7/0/6/845706-godzilla-minus-one-0-1000-0-1500-crop.jpg?v=a98e8c1ed4,4.07,horror
Jupiter Ascending (2015),https://letterboxd.com/film/jupiter-ascending/,https://a.ltrbxd.com/resized/film-poster/6/3/2/3/6/63236-jupiter-ascending-0-1000-0-1500-crop.jpg?v=b72cffa2de,2.04,science-fiction
The Expendables (2010),https://letterboxd.com/film/the-expendables/,https://a.ltrbxd.com/resized/film-poster/3/4/3/9/5/34395-the-expendables-0-1000-0-1500-crop.jpg?v=af8a3ef1e8,2.73,adventure
The Notebook (2004),https://letterboxd.com/film/the-notebook/,https://a.ltrbxd.com/resized/film-poster/4/5/6/6/7/45667-the-notebook-0-1000-0-1500-crop.jpg?v=d867e84f30,3.81,romance
Indian Horse (2017),https://letterboxd.com/film/indian-horse/,https://a.ltrbxd.com/resized/film-poster/4/0/2/9/5/2/402952-indian-horse-0-1000-0-1500-crop.jpg?v=10b7a3a989,3.56,drama
The Tomorrow War (2021),https://letterboxd.com/film/the-tomorrow-war/,https://a.ltrbxd.com/resized/film-poster/5/1/5/9/0/9/515909-the-tomorrow-war-0-1000-0-1500-crop.jpg?v=a106f74fd4,2.71,adventure
Rogue One: A Star Wars Story (2016),https://letterboxd.com/film/rogue-one-a-star-wars-story/,https://a.ltrbxd.com/resized/film-poster/2/5/8/1/2/8/258128-rogue-one-a-star-wars-story-0-1000-0-1500-crop.jpg?v=eff30d0282,3.75,adventure
God's Not Dead (2014),https://letterboxd.com/film/gods-not-dead/,https://a.ltrbxd.com/resized/sm/upload/cc/if/ay/li/a4QdH1RG6jvzZ1SLmCI7vaDD9Ez-0-1000-0-1500-crop.jpg?v=f431b083fb,1.51,drama
Camp Rock (2008),https://letterboxd.com/film/camp-rock/,https://a.ltrbxd.com/resized/sm/upload/2o/jj/dd/os/2WdEnrjqB4ItGWDYrve7YuDW7On-0-1000-0-1500-crop.jpg?v=4c39e2fdc6,2.74,family
Star Wars: Episode III – Revenge of the Sith (2005),https://letterboxd.com/film/star-wars-episode-iii-revenge-of-the-sith/,https://a.ltrbxd.com/resized/film-poster/5/0/7/0/9/50709-star-wars-episode-iii-revenge-of-the-sith-0-1000-0-1500-crop.jpg?v=cdb8caab10,3.91,science-fiction
One Flew Over the Cuckoo's Nest (1975),https://letterboxd.com/film/one-flew-over-the-cuckoos-nest/,https://a.ltrbxd.com/resized/sm/upload/lf/ry/hy/2e/RHteRHXqym9f0gI4cmChbFOxD-0-1000-0-1500-crop.jpg?v=1e6a37509a,4.36,drama
The Wild Robot (2024),https://letterboxd.com/film/the-wild-robot/,https://a.ltrbxd.com/resized/film-poster/1/0/7/1/1/9/6/1071196-the-wild-robot-0-1000-0-1500-crop.jpg?v=a70bdbaea0,4.22,family
The Perfect Date (2019),https://letterboxd.com/film/the-perfect-date-2019/,https://a.ltrbxd.com/resized/film-poster/4/7/2/4/8/7/472487-the-perfect-date-0-1000-0-1500-crop.jpg?v=838d35963c,1.72,romance
Blackhat (2015),https://letterboxd.com/film/blackhat/,https://a.ltrbxd.com/resized/film-poster/1/4/4/1/0/8/144108-blackhat-0-1000-0-1500-crop.jpg?v=e3cfa32ac4,2.98,thriller
8 Mile (2002),https://letterboxd.com/film/8-mile/,https://a.ltrbxd.com/resized/sm/upload/sx/ew/do/rx/dXzTrKwpbLpCqn8O70FUUhNbYQT-0-1000-0-1500-crop.jpg?v=c5c2812b92,3.6,drama
Platoon (1986),https://letterboxd.com/film/platoon/,https://a.ltrbxd.com/resized/sm/upload/ty/tq/ny/c9/aXRkPBQr7ZF59ZSx7AOYHUYTXjH-0-1000-0-1500-crop.jpg?v=47090981cc,3.97,war
Tom & Jerry (2021),https://letterboxd.com/film/tom-jerry-2021/,https://a.ltrbxd.com/resized/film-poster/5/1/5/4/6/6/515466-tom-jerry-0-1000-0-1500-crop.jpg?v=3d8daaea2e,1.99,animation
FRED: The Movie (2010),https://letterboxd.com/film/fred-the-movie/,https://a.ltrbxd.com/resized/film-poster/1/9/4/4/5/19445-fred-the-movie-0-1000-0-1500-crop.jpg?v=f472d7f496,1.77,tv-movie
Twitches Too (2007),https://letterboxd.com/film/twitches-too/,https://a.ltrbxd.com/resized/film-poster/1/9/1/4/1/19141-twitches-too-0-1000-0-1500-crop.jpg?v=907ba08215,2.78,tv-movie
American Beauty (1999),https://letterboxd.com/film/american-beauty/,https://a.ltrbxd.com/resized/film-poster/2/7/0/3/2703-american-beauty-0-1000-0-1500-crop.jpg?v=30329dd752,3.95,drama
Cyberbully (2011),https://letterboxd.com/film/cyberbully/,https://a.ltrbxd.com/resized/film-poster/5/8/6/4/5/58645-cyberbully-0-1000-0-1500-crop.jpg?v=289bcd8d83,1.82,tv-movie
Stand by Me (1986),https://letterboxd.com/film/stand-by-me/,https://a.ltrbxd.com/resized/film-poster/5/1/8/2/1/51821-stand-by-me-0-1000-0-1500-crop.jpg?v=b3163b5def,4.16,drama
Burrow (2020),https://letterboxd.com/film/burrow/,https://a.ltrbxd.com/resized/film-poster/6/6/8/3/7/8/668378-burrow-0-1000-0-1500-crop.jpg?v=0918ad8a85,3.84,family
The Wizards Return: Alex vs. Alex (2013),https://letterboxd.com/film/the-wizards-return-alex-vs-alex/,https://a.ltrbxd.com/resized/film-poster/1/3/0/2/8/8/130288-the-wizards-return-alex-vs-alex-0-1000-0-1500-crop.jpg?v=476891943e,2.86,family
Cloudy with a Chance of Meatballs (2009),https://letterboxd.com/film/cloudy-with-a-chance-of-meatballs/,https://a.ltrbxd.com/resized/film-poster/3/7/6/9/6/37696-cloudy-with-a-chance-of-meatballs-0-1000-0-1500-crop.jpg?v=2352e21a4c,3.37,animation
Twilight (2008),https://letterboxd.com/film/twilight-2008/,https://a.ltrbxd.com/resized/film-poster/4/7/4/6/9/47469-twilight-0-1000-0-1500-crop.jpg?v=f347bd6a28,3,romance
The Gods Must Be Crazy (1980),https://letterboxd.com/film/the-gods-must-be-crazy/,https://a.ltrbxd.com/resized/film-poster/4/7/7/5/5/47755-the-gods-must-be-crazy-0-1000-0-1500-crop.jpg?v=4e45dd5ccd,3.41,action
Portrait of God (2022),https://letterboxd.com/film/portrait-of-god-2022/,https://a.ltrbxd.com/resized/film-poster/9/2/6/5/5/5/926555-portrait-of-god-0-1000-0-1500-crop.jpg?v=3219dba74a,3.76,horror
The Bling Ring (2013),https://letterboxd.com/film/the-bling-ring/,https://a.ltrbxd.com/resized/film-poster/7/9/8/9/3/79893-the-bling-ring-0-1000-0-1500-crop.jpg?v=b9409f8bdc,2.93,drama
Pain & Gain (2013),https://letterboxd.com/film/pain-gain/,https://a.ltrbxd.com/resized/film-poster/1/0/3/5/5/9/103559-pain-gain-0-1000-0-1500-crop.jpg?v=640889b078,3.04,drama
Quantum of Solace (2008),https://letterboxd.com/film/quantum-of-solace/,https://a.ltrbxd.com/resized/film-poster/4/5/9/1/8/45918-quantum-of-solace-0-1000-0-1500-crop.jpg?v=0f9d245225,2.84,thriller
The Day After Tomorrow (2004),https://letterboxd.com/film/the-day-after-tomorrow/,https://a.ltrbxd.com/resized/sm/upload/y4/7o/ft/rg/pRmpaFjtegy8PnUvSBDyT9dm7c-0-1000-0-1500-crop.jpg?v=a685626868,2.97,action
Encanto (2021),https://letterboxd.com/film/encanto/,https://a.ltrbxd.com/resized/film-poster/4/9/6/5/9/2/496592-encanto-0-1000-0-1500-crop.jpg?v=3fbb07bf26,3.51,animation
Monsters vs Aliens (2009),https://letterboxd.com/film/monsters-vs-aliens/,https://a.ltrbxd.com/resized/film-poster/4/2/3/1/5/42315-monsters-vs-aliens-0-1000-0-1500-crop.jpg?v=ad904f4234,2.84,science-fiction
Old School (2003),https://letterboxd.com/film/old-school/,https://a.ltrbxd.com/resized/sm/upload/fo/mb/o9/0b/lvcyZumUoA6OBeqcJknfZVTmKKF-0-1000-0-1500-crop.jpg?v=784cf4de98,3.18,comedy
Frozen (2013),https://letterboxd.com/film/frozen-2013/,https://a.ltrbxd.com/resized/sm/upload/6w/m8/pw/94/eFnGmj63QPUpK7QUWSOUhypIQOT-0-1000-0-1500-crop.jpg?v=aae3ef24d7,3.44,fantasy
Death to 2020 (2020),https://letterboxd.com/film/death-to-2020/,https://a.ltrbxd.com/resized/film-poster/6/9/2/9/4/2/692942-death-to-2020-0-1000-0-1500-crop.jpg?v=a4ece679e4,2.72,comedy
Independence Day: Resurgence (2016),https://letterboxd.com/film/independence-day-resurgence/,https://a.ltrbxd.com/resized/film-poster/1/7/5/0/1/17501-independence-day-resurgence-0-1000-0-1500-crop.jpg?v=4a7f01f375,2.05,action
X-Men: Apocalypse (2016),https://letterboxd.com/film/x-men-apocalypse/,https://a.ltrbxd.com/resized/film-poster/1/7/2/4/9/2/172492-x-men-apocalypse-0-1000-0-1500-crop.jpg?v=eecf0062df,2.62,science-fiction
Enchanted (2007),https://letterboxd.com/film/enchanted/,https://a.ltrbxd.com/resized/film-poster/4/9/2/8/0/49280-enchanted-0-1000-0-1500-crop.jpg?v=cfce205bab,3.53,family
The Mask of Zorro (1998),https://letterboxd.com/film/the-mask-of-zorro/,https://a.ltrbxd.com/resized/film-poster/4/7/2/5/2/47252-the-mask-of-zorro-0-1000-0-1500-crop.jpg?v=c77adbef9e,3.39,action
Lars and the Real Girl (2007),https://letterboxd.com/film/lars-and-the-real-girl/,https://a.ltrbxd.com/resized/sm/upload/wj/gh/ve/0j/t8CjVSDVT5fy2AMZRwL0l9OCVhG-0-1000-0-1500-crop.jpg?v=a13f374ec7,3.81,romance
Snowpiercer (2013),https://letterboxd.com/film/snowpiercer/,https://a.ltrbxd.com/resized/film-poster/8/8/4/8/8/88488-snowpiercer-0-1000-0-1500-crop.jpg?v=93b9024162,3.68,drama
The Equalizer (2014),https://letterboxd.com/film/the-equalizer/,https://a.ltrbxd.com/resized/film-poster/1/1/6/8/2/5/116825-the-equalizer-0-1000-0-1500-crop.jpg?v=a10d34a9da,3.4,crime
X-Men: Days of Future Past (2014),https://letterboxd.com/film/x-men-days-of-future-past/,https://a.ltrbxd.com/resized/film-poster/9/9/5/0/7/99507-x-men-days-of-future-past-0-1000-0-1500-crop.jpg?v=98ca8351c1,3.66,adventure
One Day (2011),https://letterboxd.com/film/one-day-2011/,https://a.ltrbxd.com/resized/sm/upload/i4/v9/0k/7z/aj9ue9uPAc1iMkmro0qWHS76Isu-0-1000-0-1500-crop.jpg?v=7b306bf9d8,3.45,drama
First Blood (1982),https://letterboxd.com/film/first-blood/,https://a.ltrbxd.com/resized/film-poster/5/1/0/8/8/51088-first-blood-0-1000-0-1500-crop.jpg?v=79a5cef2a7,3.83,war
Tenet (2020),https://letterboxd.com/film/tenet/,https://a.ltrbxd.com/resized/sm/upload/pq/9f/sr/vt/aCIFMriQh8rvhxpN1IWGgvH0Tlg-0-1000-0-1500-crop.jpg?v=f3165fe17f,3.41,action
The First Purge (2018),https://letterboxd.com/film/the-first-purge/,https://a.ltrbxd.com/resized/film-poster/3/7/4/8/8/5/374885-the-first-purge-0-1000-0-1500-crop.jpg?v=59f56cf36e,2.45,action
Dawn of the Planet of the Apes (2014),https://letterboxd.com/film/dawn-of-the-planet-of-the-apes/,https://a.ltrbxd.com/resized/film-poster/9/4/3/9/4/94394-dawn-of-the-planet-of-the-apes-0-1000-0-1500-crop.jpg?v=29a00ba752,3.82,action
Gravity (2013),https://letterboxd.com/film/gravity-2013/,https://a.ltrbxd.com/resized/sm/upload/4c/kn/9m/6a/221dfc20f8690b357b6b9ad66c13b5be-0-1000-0-1500-crop.jpg?v=9a0ce1ad93,3.51,thriller
About Time (2013),https://letterboxd.com/film/about-time/,https://a.ltrbxd.com/resized/sm/upload/uo/th/yf/uz/zSuh8dGwqpsWR7ccvYbfxbSZ37o-0-1000-0-1500-crop.jpg?v=7276b6e978,4.04,fantasy
Moneyball (2011),https://letterboxd.com/film/moneyball/,https://a.ltrbxd.com/resized/sm/upload/h1/fd/pz/pi/3oAa8mJJ97CH9AeGEY6vjAxqcvZ-0-1000-0-1500-crop.jpg?v=3ce471493f,3.91,drama
Ice Age: Dawn of the Dinosaurs (2009),https://letterboxd.com/film/ice-age-dawn-of-the-dinosaurs/,https://a.ltrbxd.com/resized/film-poster/4/7/7/8/1/47781-ice-age-dawn-of-the-dinosaurs-0-1000-0-1500-crop.jpg?v=0b0a533895,3.18,comedy
The Warriors (1979),https://letterboxd.com/film/the-warriors/,https://a.ltrbxd.com/resized/film-poster/4/5/2/7/0/45270-the-warriors-0-1000-0-1500-crop.jpg?v=acf7a78e78,3.84,thriller
Tetris (2023),https://letterboxd.com/film/tetris/,https://a.ltrbxd.com/resized/film-poster/6/4/9/1/8/8/649188-tetris-0-1000-0-1500-crop.jpg?v=e337f04260,3.47,thriller
Big Hero 6 (2014),https://letterboxd.com/film/big-hero-6/,https://a.ltrbxd.com/resized/sm/upload/hu/db/3b/mm/q6WZxPlic8hpKzCxnzWOFCCLQfo-0-1000-0-1500-crop.jpg?v=d5c2ad9fb4,3.8,animation
Wanted (2008),https://letterboxd.com/film/wanted-2008/,https://a.ltrbxd.com/resized/sm/upload/vg/5i/dx/zt/mUrkppyahzk6koYFekxeu0tmcPd-0-1000-0-1500-crop.jpg?v=6806e62c03,3,crime
Men in Black: International (2019),https://letterboxd.com/film/men-in-black-international/,https://a.ltrbxd.com/resized/film-poster/4/1/0/4/3/7/410437-men-in-black-international-0-1000-0-1500-crop.jpg?v=ec38cd0a03,2.19,science-fiction
Hitman's Wife's Bodyguard (2021),https://letterboxd.com/film/hitmans-wifes-bodyguard/,https://a.ltrbxd.com/resized/film-poster/4/5/2/5/2/2/452522-hitman-s-wife-s-bodyguard-0-1000-0-1500-crop.jpg?v=1e07299aad,2.56,comedy
Hubie Halloween (2020),https://letterboxd.com/film/hubie-halloween/,https://a.ltrbxd.com/resized/film-poster/5/4/4/5/1/1/544511-hubie-halloween-0-1000-0-1500-crop.jpg?v=38d9c9a58a,2.21,horror
Nerve (2016),https://letterboxd.com/film/nerve-2016/,https://a.ltrbxd.com/resized/film-poster/2/5/5/9/0/0/255900-nerve-0-1000-0-1500-crop.jpg?v=149e8ebb3e,2.96,adventure
The 5th Wave (2016),https://letterboxd.com/film/the-5th-wave/,https://a.ltrbxd.com/resized/film-poster/2/2/6/8/6/6/226866-the-5th-wave-0-1000-0-1500-crop.jpg?v=25c5dfb9d4,2.24,action
American Sniper (2014),https://letterboxd.com/film/american-sniper/,https://a.ltrbxd.com/resized/film-poster/1/3/7/4/7/6/137476-american-sniper-0-1000-0-1500-crop.jpg?v=bd4ebfac7c,3.35,action
Chicken Little (2005),https://letterboxd.com/film/chicken-little-2005/,https://a.ltrbxd.com/resized/sm/upload/qd/pr/6y/e2/iLMALbInUmbNn1tHmxJEWm5MyjP-0-1000-0-1500-crop.jpg?v=060decb487,2.81,animation
Kingdom of Heaven (2005),https://letterboxd.com/film/kingdom-of-heaven/,https://a.ltrbxd.com/resized/sm/upload/yo/63/zv/99/2pE4pTT8IXF56fiWMOk7cv7Fkpi-0-1000-0-1500-crop.jpg?v=3fa83a60a6,3.62,history
Gran Turismo (2023),https://letterboxd.com/film/gran-turismo/,https://a.ltrbxd.com/resized/film-poster/8/8/2/7/1/8/882718-gran-turismo-0-1000-0-1500-crop.jpg?v=78ec370927,3.35,adventure
Eighth Grade (2018),https://letterboxd.com/film/eighth-grade/,https://a.ltrbxd.com/resized/film-poster/4/2/0/4/5/1/420451-eighth-grade-0-1000-0-1500-crop.jpg?v=28fed1cb5d,3.77,comedy
Neighbors 2: Sorority Rising (2016),https://letterboxd.com/film/neighbors-2-sorority-rising/,https://a.ltrbxd.com/resized/sm/upload/0j/b6/38/hd/bWUeJHbKIyT306WtJFRHoSzX9nk-0-1000-0-1500-crop.jpg?v=97d1691f2e,2.49,comedy
The Grand Seduction (2013),https://letterboxd.com/film/the-grand-seduction/,https://a.ltrbxd.com/resized/film-poster/1/4/9/0/7/4/149074-the-grand-seduction-0-1000-0-1500-crop.jpg?v=2fb5cbb22d,3.33,comedy
Margin Call (2011),https://letterboxd.com/film/margin-call/,https://a.ltrbxd.com/resized/sm/upload/85/1q/1m/jj/margin-call-0-1000-0-1500-crop.jpg?v=1b5d43ed27,3.56,thriller
Forgetting Sarah Marshall (2008),https://letterboxd.com/film/forgetting-sarah-marshall/,https://a.ltrbxd.com/resized/film-poster/4/6/7/6/3/46763-forgetting-sarah-marshall-0-1000-0-1500-crop.jpg?v=dc6717aea3,3.31,drama
Hundreds of Beavers (2022),https://letterboxd.com/film/hundreds-of-beavers/,https://a.ltrbxd.com/resized/film-poster/9/1/9/0/6/8/919068-hundreds-of-beavers-0-1000-0-1500-crop.jpg?v=374498b1c0,4.14,adventure
Corpse Bride (2005),https://letterboxd.com/film/corpse-bride/,https://a.ltrbxd.com/resized/sm/upload/v1/h6/lc/lu/o9GbcdP7rOg2m1NyUnUR3ZwNcTE-0-1000-0-1500-crop.jpg?v=1ee3b92ded,3.87,animation
The Godfather Part III (1990),https://letterboxd.com/film/the-godfather-part-iii/,https://a.ltrbxd.com/resized/film-poster/5/1/8/1/4/51814-the-godfather-part-iii-0-1000-0-1500-crop.jpg?v=2c12635c8a,3.48,drama
Thief (1981),https://letterboxd.com/film/thief/,https://a.ltrbxd.com/resized/film-poster/4/5/2/2/4/45224-thief-0-1000-0-1500-crop.jpg?v=775424c4c3,4.08,thriller
Ip Man 4: The Finale (2019),https://letterboxd.com/film/ip-man-4-the-finale/,https://a.ltrbxd.com/resized/film-poster/3/8/2/1/8/3/382183-ip-man-4-the-finale-0-1000-0-1500-crop.jpg?v=6429d919d2,3.22,history
Elvis (2022),https://letterboxd.com/film/elvis-2022/,https://a.ltrbxd.com/resized/film-poster/5/4/2/0/3/2/542032-elvis-0-1000-0-1500-crop.jpg?v=c8e56b86bc,3.35,history
One Night in Miami... (2020),https://letterboxd.com/film/one-night-in-miami/,https://a.ltrbxd.com/resized/film-poster/5/8/6/9/4/4/586944-one-night-in-miami--0-1000-0-1500-crop.jpg?v=cd84f16cc1,3.67,drama
Home (2015),https://letterboxd.com/film/home-2015/,https://a.ltrbxd.com/resized/film-poster/1/6/0/5/0/3/160503-home-0-1000-0-1500-crop.jpg?v=a8eb6debf5,2.79,comedy
12 Years a Slave (2013),https://letterboxd.com/film/12-years-a-slave/,https://a.ltrbxd.com/resized/film-poster/6/2/6/7/1/62671-12-years-a-slave-0-1000-0-1500-crop.jpg?v=f29aef4645,4.15,history
The Avengers (2012),https://letterboxd.com/film/the-avengers-2012/,https://a.ltrbxd.com/resized/sm/upload/10/u6/42/pa/cezWGskPY5x7GaglTTRN4Fugfb8-0-1000-0-1500-crop.jpg?v=9ec74891d9,3.67,science-fiction
Racing Stripes (2005),https://letterboxd.com/film/racing-stripes/,https://a.ltrbxd.com/resized/film-poster/4/8/3/2/0/48320-racing-stripes-0-1000-0-1500-crop.jpg?v=8c013c2a9d,2.4,family
The Sixth Sense (1999),https://letterboxd.com/film/the-sixth-sense/,https://a.ltrbxd.com/resized/film-poster/5/1/4/0/7/51407-the-sixth-sense-0-1000-0-1500-crop.jpg?v=ab482dfeb6,4.06,thriller
Civil War (2024),https://letterboxd.com/film/civil-war-2024/,https://a.ltrbxd.com/resized/film-poster/8/3/4/6/5/6/834656-civil-war-0-1000-0-1500-crop.jpg?v=aefec33dbe,3.56,drama
Grease (1978),https://letterboxd.com/film/grease/,https://a.ltrbxd.com/resized/sm/upload/uw/jl/ie/y3/grease-0-1000-0-1500-crop.jpg?v=1e90cafd49,3.53,comedy
Election (1999),https://letterboxd.com/film/election/,https://a.ltrbxd.com/resized/sm/upload/4v/ul/e3/4c/4RHyF1v1n4iodWzHG4m7XkGcJVB-0-1000-0-1500-crop.jpg?v=38629d481d,3.8,drama
Megamind (2010),https://letterboxd.com/film/megamind/,https://a.ltrbxd.com/resized/film-poster/2/6/4/7/6/26476-megamind-0-1000-0-1500-crop.jpg?v=d1296fb9f9,3.72,science-fiction
Bridge to Terabithia (2007),https://letterboxd.com/film/bridge-to-terabithia/,https://a.ltrbxd.com/resized/film-poster/5/1/1/1/7/51117-bridge-to-terabithia-0-1000-0-1500-crop.jpg?v=424632b691,3.66,family
The Holiday (2006),https://letterboxd.com/film/the-holiday/,https://a.ltrbxd.com/resized/film-poster/5/0/9/5/3/50953-the-holiday-0-1000-0-1500-crop.jpg?v=6fb4cb65e6,3.55,comedy
Robots (2005),https://letterboxd.com/film/robots/,https://a.ltrbxd.com/resized/film-poster/4/6/7/0/6/46706-robots-0-1000-0-1500-crop.jpg?v=36362bdbea,3.3,science-fiction
The Matrix Revolutions (2003),https://letterboxd.com/film/the-matrix-revolutions/,https://a.ltrbxd.com/resized/film-poster/5/1/5/1/6/51516-the-matrix-revolutions-0-1000-0-1500-crop.jpg?v=919dceb0be,3.1,thriller
Pay It Forward (2000),https://letterboxd.com/film/pay-it-forward/,https://a.ltrbxd.com/resized/film-poster/4/6/0/2/7/46027-pay-it-forward-0-1000-0-1500-crop.jpg?v=4a14660b88,3.11,drama
Point Break (1991),https://letterboxd.com/film/point-break/,https://a.ltrbxd.com/resized/film-poster/5/1/1/5/7/51157-point-break-0-1000-0-1500-crop.jpg?v=3cd33a67b2,3.75,thriller
Grown Ups 2 (2013),https://letterboxd.com/film/grown-ups-2/,https://a.ltrbxd.com/resized/sm/upload/5j/17/k1/d2/xVfzcl1fcTDA4T76enoHF80MR4n-0-1000-0-1500-crop.jpg?v=02684786cb,2.69,comedy
The Offer (2022),https://letterboxd.com/film/the-offer-2022/,https://a.ltrbxd.com/resized/film-poster/8/3/9/7/8/3/839783-the-offer-0-1000-0-1500-crop.jpg?v=54756e5421,3.98,drama
Super 8 (2011),https://letterboxd.com/film/super-8/,https://a.ltrbxd.com/resized/sm/upload/94/zp/vm/wr/b2FnFpBRuXa9buiYwctujn6zWrZ-0-1000-0-1500-crop.jpg?v=40c36ab160,3.5,science-fiction
She's the Man (2006),https://letterboxd.com/film/shes-the-man/,https://a.ltrbxd.com/resized/film-poster/4/6/9/4/6/46946-she-s-the-man-0-1000-0-1500-crop.jpg?v=15a15f33fb,3.41,comedy
The Matrix (1999),https://letterboxd.com/film/the-matrix/,https://a.ltrbxd.com/resized/film-poster/5/1/5/1/8/51518-the-matrix-0-1000-0-1500-crop.jpg?v=fc7c366afe,4.17,science-fiction
Companion (2025),https://letterboxd.com/film/companion-2025/,https://a.ltrbxd.com/resized/film-poster/9/7/7/1/7/2/977172-companion-2025-0-1000-0-1500-crop.jpg?v=66c5c946ec,3.47,thriller
Five Feet Apart (2019),https://letterboxd.com/film/five-feet-apart/,https://a.ltrbxd.com/resized/film-poster/4/5/6/8/9/5/456895-five-feet-apart-0-1000-0-1500-crop.jpg?v=4c06370676,3.26,drama
The Girl in the Spider's Web (2018),https://letterboxd.com/film/the-girl-in-the-spiders-web/,https://a.ltrbxd.com/resized/film-poster/3/7/9/2/0/4/379204-the-girl-in-the-spider-s-web-0-1000-0-1500-crop.jpg?v=26cf252b31,2.64,thriller
Green Room (2015),https://letterboxd.com/film/green-room/,https://a.ltrbxd.com/resized/film-poster/2/4/1/0/5/2/241052-green-room-0-1000-0-1500-crop.jpg?v=d54271a379,3.65,thriller
Unbreakable (2000),https://letterboxd.com/film/unbreakable/,https://a.ltrbxd.com/resized/film-poster/4/6/8/6/6/46866-unbreakable-0-1000-0-1500-crop.jpg?v=c5d94f79e1,3.68,thriller
High Fidelity (2000),https://letterboxd.com/film/high-fidelity/,https://a.ltrbxd.com/resized/sm/upload/fh/qn/as/cp/sEZKCUFU6Ozf7hZ3UuaKWUqHLTZ-0-1000-0-1500-crop.jpg?v=73f6b8a843,3.62,drama
Trading Places (1983),https://letterboxd.com/film/trading-places/,https://a.ltrbxd.com/resized/sm/upload/qa/o0/ac/wd/jaYll3wckw6HrvTq6s2Q0a4WTGV-0-1000-0-1500-crop.jpg?v=5eeb418746,3.63,comedy
All Too Well: The Short Film (2021),https://letterboxd.com/film/all-too-well-the-short-film/,https://a.ltrbxd.com/resized/film-poster/8/0/7/7/6/2/807762-all-too-well-the-short-film-0-1000-0-1500-crop.jpg?v=96394fc6a9,4.17,music
Coming 2 America (2021),https://letterboxd.com/film/coming-2-america/,https://a.ltrbxd.com/resized/film-poster/4/1/5/6/2/0/415620-coming-2-america-0-1000-0-1500-crop.jpg?v=04f71ada97,2.3,comedy
Sound of Metal (2019),https://letterboxd.com/film/sound-of-metal/,https://a.ltrbxd.com/resized/film-poster/4/3/2/0/0/4/432004-sound-of-metal-0-1000-0-1500-crop.jpg?v=289acd955b,4.2,music
A Walk to Remember (2002),https://letterboxd.com/film/a-walk-to-remember/,https://a.ltrbxd.com/resized/film-poster/4/6/4/2/2/46422-a-walk-to-remember-0-1000-0-1500-crop.jpg?v=f2d95ce967,3.34,drama
O (2001),https://letterboxd.com/film/o/,https://a.ltrbxd.com/resized/film-poster/4/5/6/3/8/45638-o-0-1000-0-1500-crop.jpg?v=d04b125677,2.88,drama
Before Sunrise (1995),https://letterboxd.com/film/before-sunrise/,https://a.ltrbxd.com/resized/film-poster/5/1/9/7/4/51974-before-sunrise-0-1000-0-1500-crop.jpg?v=006e8fedea,4.32,romance
Gremlins (1984),https://letterboxd.com/film/gremlins/,https://a.ltrbxd.com/resized/film-poster/5/1/2/2/6/51226-gremlins-0-1000-0-1500-crop.jpg?v=b444daa0c4,3.64,fantasy
Black Panther: Wakanda Forever (2022),https://letterboxd.com/film/black-panther-wakanda-forever/,https://a.ltrbxd.com/resized/film-poster/4/3/5/4/6/0/435460-black-panther-wakanda-forever-0-1000-0-1500-crop.jpg?v=27db1e3d45,3.33,adventure
Mission: Impossible – Fallout (2018),https://letterboxd.com/film/mission-impossible-fallout/,https://a.ltrbxd.com/resized/film-poster/2/8/3/2/7/3/283273-mission-impossible-fallout-0-1000-0-1500-crop.jpg?v=04024ef596,3.96,action